campaign,feed,network,population,runs,action_rate_mean,action_rate_median,action_rate_ci_low,action_rate_ci_high,reach_rate_mean,reach_rate_median,reach_rate_ci_low,reach_rate_ci_high,positive_share_mean,positive_share_median,positive_share_ci_low,positive_share_ci_high,neutral_share_mean,neutral_share_median,neutral_share_ci_low,neutral_share_ci_high,negative_share_mean,negative_share_median,negative_share_ci_low,negative_share_ci_high,js_distance_to_calibration_target_mean,js_distance_to_calibration_target_median,js_distance_to_calibration_target_ci_low,js_distance_to_calibration_target_ci_high,sentiment_mean_mean,sentiment_mean_median,sentiment_mean_ci_low,sentiment_mean_ci_high,sentiment_shift_mean,sentiment_shift_median,sentiment_shift_ci_low,sentiment_shift_ci_high,normalized_entropy_mean,normalized_entropy_median,normalized_entropy_ci_low,normalized_entropy_ci_high,polarization_index_mean,polarization_index_median,polarization_index_ci_low,polarization_index_ci_high,cross_sentiment_edge_share_mean,cross_sentiment_edge_share_median,cross_sentiment_edge_share_ci_low,cross_sentiment_edge_share_ci_high,largest_cascade_share_mean,largest_cascade_share_median,largest_cascade_share_ci_low,largest_cascade_share_ci_high,cascade_depth_mean,cascade_depth_median,cascade_depth_ci_low,cascade_depth_ci_high,cascade_breadth_mean,cascade_breadth_median,cascade_breadth_ci_low,cascade_breadth_ci_high,time_to_50pct_mean,time_to_50pct_median,time_to_50pct_ci_low,time_to_50pct_ci_high
KFC Bucket Ware,chronological,matched_random,1000,10,0.9653,0.968,0.947575,0.974775,0.9968,0.997,0.9950000000000001,0.999,0.706637499230413,0.7037247950721057,0.680405396569386,0.742132308272069,0.26059946405423895,0.26549721831801354,0.22917696763357687,0.28168675654242664,0.03276303671534804,0.032409303802492656,0.019999218708459977,0.046267463655979606,0.06386155734176642,0.058536663004670336,0.03682759459815977,0.0959946075795635,0.673874462515065,0.6695963468561682,0.6366409297966479,0.7134415841777149,0.08087446251506503,0.07659634685616823,0.04364092979664788,0.12044158417771487,0.6427528413327459,0.6467971292189842,0.5981569165396682,0.6882633076876423,0.09227012110440257,0.09024527122636225,0.057918552759417014,0.12641902793524598,0.39942647849303964,0.4017690034724103,0.3526185816262464,0.4342956224078653,0.166181495582227,0.16381870626569095,0.12340323758755989,0.23638383141639532,9.8,10.0,9.0,10.0,7.3,7.0,6.2250000000000005,9.55,6.0,6.0,5.225,6.775
KFC Bucket Ware,chronological,matched_random,200,10,0.97,0.9675,0.9522499999999999,0.988875,0.9974999999999999,0.9975,0.9950000000000001,1.0,0.703899073824229,0.7201997422680413,0.5817357512953368,0.7815305112985526,0.2620448957930862,0.2620817362477986,0.19585416015828389,0.3297927461139896,0.03405603038268479,0.0286218122626153,0.011516794217687074,0.08958923134447948,0.08639052796686002,0.09214254933632549,0.03371944646205129,0.137655531574467,0.6698430434415442,0.694372852233677,0.49326424870466323,0.7589151827553889,0.07684304344154422,0.10137285223367704,-0.09973575129533675,0.165915182755389,0.6373642227819653,0.6215129485489144,0.5373105896116521,0.8086954368945543,0.09104860251617229,0.0846946505217348,0.033189851993093156,0.20654608258718754,0.3958302923374973,0.3879427635826953,0.3559866724928993,0.47536855426410224,0.48930148614791047,0.45776937718092414,0.36495252306022796,0.7126314825474908,8.5,8.0,8.0,9.775,6.0,6.0,4.225,8.0,5.9,6.0,5.0,6.775
KFC Bucket Ware,chronological,matched_random,500,10,0.9658,0.968,0.95025,0.9771,0.9968,0.998,0.99245,0.9995499999999999,0.7091237475946098,0.7056773079500352,0.6648750693692027,0.7833677685950413,0.26120451059760824,0.26736654009381283,0.19571280991735537,0.292668308631964,0.02967174180778199,0.02895556354054378,0.01901238401865842,0.0458347647613259,0.0698839656126815,0.07286114523620565,0.02052568444350017,0.1364761813258875,0.6794520057868277,0.6800861182029494,0.6190403046078768,0.762448347107438,0.08645200578682784,0.08708611820294937,0.026040304607876853,0.16944834710743806,0.632173000673879,0.6287628626294341,0.5368979046926637,0.7022210608087899,0.08332692378005291,0.0844382106324674,0.057260820367763726,0.12189503310366538,0.3930438941733773,0.39665551839464885,0.3293876257545272,0.4313288717859174,0.25589589691237047,0.24694233010454777,0.19663454134798009,0.32341610364732987,9.6,9.5,9.0,10.775,6.4,7.0,5.0,7.775,5.9,6.0,5.0,6.775
KFC Bucket Ware,chronological,post_affiliation_proxy,1000,10,0.4166,0.417,0.347675,0.4681,0.4817,0.478,0.40987500000000004,0.55625,0.7071636521211639,0.7123385323622371,0.6600783454699741,0.7455921712947474,0.2612191190559679,0.2701788371374828,0.21567423749012654,0.290552859996978,0.03161722882286823,0.0288510780314059,0.011559031507339779,0.0592644703474663,0.07375011637940795,0.07692988968492225,0.030292226841320654,0.10842623378230977,0.6755464232982956,0.6852775204244925,0.6051940875811577,0.7225660756105722,0.08254642329829567,0.09227752042449255,0.012194087581157627,0.12956607561057215,0.6365160791823943,0.6263919215185311,0.5791745705249405,0.7193194319606915,0.08859559766385444,0.08475728697942767,0.03334377390364818,0.16289162100359747,0.4503041263458544,0.4463892225558892,0.4228456913827655,0.4950417362270451,0.08230118673551594,0.08299794350310999,0.06961622807017545,0.09242852562214936,10.9,11.0,10.0,11.775,4.2,4.0,4.0,5.0,6.0,6.0,5.225,6.775
KFC Bucket Ware,chronological,post_affiliation_proxy,200,10,0.3585,0.36,0.315,0.429875,0.39649999999999996,0.3775,0.345625,0.49487500000000006,0.7276979957247047,0.7190693629049794,0.6208860759493671,0.834796626984127,0.2468943977941136,0.2502717982170037,0.1458705357142857,0.3353958057812205,0.025407606481181722,0.015399194503672116,0.011767344497607657,0.049954792043399636,0.10409356573382642,0.1006602853448191,0.025300783385296156,0.18937278122163134,0.7022903892435229,0.6963470319634704,0.5722705696202531,0.8161029942279943,0.10929038924352294,0.10334703196347039,-0.02072943037974683,0.22310299422799423,0.5949182899141079,0.5964755384249006,0.4578197962750274,0.7350385783151685,0.07169385839709594,0.04697344559196599,0.036528638659320475,0.1307868879183,0.44426321729856777,0.42708747149268006,0.3968196916787326,0.51185588998089,0.37497713899922175,0.37458540630182424,0.305078125,0.4507562785388127,9.2,9.5,8.0,10.0,3.4,3.0,3.0,4.0,4.8,5.0,4.0,5.775
KFC Bucket Ware,chronological,post_affiliation_proxy,500,10,0.40259999999999996,0.394,0.3396,0.48529999999999995,0.4542,0.442,0.38005,0.54175,0.7083237515244618,0.6947209211553473,0.6414158023442111,0.8083639705882353,0.26534652399564707,0.2771760343481655,0.17389604880413706,0.32442579846879593,0.026329724479891174,0.02019615039556317,0.013397939821089727,0.04756740142267499,0.0783503896326658,0.07386146875125495,0.009309694370581371,0.16268175360450088,0.6819940270445706,0.6666178766588603,0.5940978015866046,0.7906239899806076,0.08899402704457064,0.07361787665886033,0.0010978015866046492,0.19762398998060762,0.6212466252852973,0.6388518781125232,0.49801029927237916,0.7212055881427395,0.07269083436846245,0.06014008331093792,0.0418787224750952,0.12263455331859835,0.4520037732587915,0.452926393703587,0.3928702141900937,0.487964074880474,0.15446055537898135,0.14895118999596613,0.1344187675070028,0.19291010895883778,10.1,10.0,9.0,11.0,3.6,4.0,3.0,4.0,5.7,6.0,5.0,6.0
KFC Bucket Ware,interest,matched_random,1000,10,0.9679,0.97,0.957125,0.974,0.9964000000000001,0.997,0.994,0.998775,0.7236349672382019,0.7222792607802875,0.6843694289108979,0.7493308698691701,0.25375220007531407,0.24794661190965092,0.23152152202137222,0.28977154724818277,0.022612832686484025,0.02034306575699128,0.012675896723667333,0.035789327880188716,0.08886341478536992,0.09397703134978108,0.052998693868112776,0.11488419785551074,0.7010221345517179,0.7005816866781384,0.6545302612737187,0.7319793676822282,0.10802213455171791,0.10758168667813839,0.06153026127371879,0.13897936768222818,0.6057454240697272,0.5974656333047592,0.566480445627777,0.6567095708377116,0.06515600870682631,0.060541084550203975,0.036647189702984154,0.10196415711520579,0.36169983892220847,0.35776293823038396,0.3431947227788911,0.38711272015371867,0.14024839240336345,0.13290245788296742,0.10749486652977414,0.18014114895225658,8.0,8.0,7.225,8.775,10.3,10.5,8.225,12.0,5.9,6.0,5.225,6.0
KFC Bucket Ware,interest,matched_random,200,10,0.9650000000000001,0.9724999999999999,0.918375,0.99275,0.9974999999999999,0.9975,0.9950000000000001,1.0,0.747007099131086,0.7423143350604491,0.6840021147237643,0.8204105203436538,0.22975708067064077,0.23191178424339046,0.16427703031285462,0.2905471847739889,0.02323582019827325,0.020885028949545078,0.010448707115092108,0.050712767370798474,0.11116549526694086,0.10497689111300557,0.05266549077275394,0.1758589770247373,0.7237712789328128,0.7233500382230528,0.6379645783769495,0.8050980710001623,0.13077127893281276,0.1303500382230528,0.044964578376949546,0.2120980710001622,0.5785791310014745,0.5845242848531865,0.47533978255330117,0.6862102367353844,0.06835871726882478,0.06310111440184281,0.029276974372173185,0.13956737875528882,0.3450510316987828,0.3574262617435001,0.2580915943353129,0.4010618900873138,0.46554935273193526,0.46785016563322857,0.3388540840602697,0.5594479872459147,6.8,7.0,6.0,7.775,8.3,8.5,6.2250000000000005,10.0,5.8,6.0,5.0,7.0
KFC Bucket Ware,interest,matched_random,500,10,0.9696,0.971,0.95405,0.9755499999999999,0.9970000000000001,0.998,0.994,0.9995499999999999,0.7286618125037021,0.7333456761032753,0.6565267046296492,0.7839144193127447,0.2550579812855425,0.2528350275897618,0.20938712483688562,0.30668250809712316,0.016280206210755432,0.012326770322798716,0.006655570860116315,0.040501145475372285,0.10571401111462357,0.10875603640632243,0.02341659749004279,0.15862980633795906,0.7123816062929466,0.7184320601656244,0.6197359173564216,0.777215963462375,0.11938160629294665,0.12543206016562447,0.026735917356421685,0.18421596346237495,0.5823035666524448,0.5805150597307991,0.502109950920178,0.6943944136206183,0.046013066852436925,0.03508047004456737,0.020795627250731554,0.10656311425454706,0.35149765634067354,0.3559732799648986,0.3014354534166175,0.41108853759557246,0.2214283349432679,0.21788095419170025,0.18494388864723796,0.2687757731958763,7.4,7.5,6.0,8.775,9.9,10.0,7.0,12.55,5.8,6.0,5.0,6.0
KFC Bucket Ware,interest,post_affiliation_proxy,1000,10,0.4136,0.4065,0.375575,0.44775,0.47800000000000004,0.47450000000000003,0.42247500000000004,0.5286500000000001,0.7233971457368509,0.7330246913580247,0.6543156933758567,0.7887426713861723,0.2560982647527644,0.2535518584538192,0.2034625668449198,0.3132338720817793,0.02050458951038469,0.019136679968714494,0.0031751336898395723,0.03782590677309501,0.09633478918685101,0.09887804588310128,0.03199351194591786,0.16956118494479033,0.7028925562264662,0.71084455667789,0.6191192634101516,0.7837956773618537,0.10989255622646618,0.11784455667789001,0.02611926341015159,0.19079567736185385,0.596224163642757,0.5952850227564694,0.4886541441238484,0.6900057450031721,0.05784191560156143,0.05489967295916175,0.009808419600217335,0.10135168267434173,0.42783727908177455,0.42826586506346026,0.40650460079317796,0.4608764607679465,0.08289832008981879,0.08202020202020202,0.07594999556929365,0.09055380103767201,9.2,9.0,8.225,10.0,6.0,6.0,6.0,6.0,5.9,6.0,5.225,6.0
KFC Bucket Ware,interest,post_affiliation_proxy,200,10,0.352,0.33999999999999997,0.29225,0.43775,0.383,0.355,0.326125,0.5015000000000001,0.722773178518637,0.7274305555555556,0.6007758620689655,0.846015625,0.2644391989291733,0.2569444444444444,0.153984375,0.37507016840416996,0.01278762255218977,0.008064516129032258,0.0,0.03803125,0.1370602928532636,0.1305884920675242,0.052628990969101924,0.2331311465123012,0.7099855559664472,0.7148297491039427,0.5658965517241379,0.846015625,0.11698555596644722,0.12182974910394273,-0.0271034482758621,0.2530156250000001,0.5608694425153691,0.5651752854230685,0.388959122400148,0.7208338097549385,0.033057479799138485,0.020808561236623068,0.0,0.09461484375000001,0.42979446996940407,0.44412268303053287,0.3709218715515339,0.49875770657020657,0.373120768518279,0.36773255813953487,0.3191235632183908,0.46272580645161293,6.7,7.0,4.225,9.0,5.9,6.0,5.225,6.0,5.2,5.0,3.225,6.775
KFC Bucket Ware,interest,post_affiliation_proxy,500,10,0.39459999999999995,0.408,0.3116,0.4551,0.45200000000000007,0.459,0.37445,0.53285,0.714255160729866,0.7215350922932526,0.6293300653594771,0.817569345661451,0.257045112513747,0.2601939722598811,0.15935395922238027,0.34069535221496006,0.028699726756387083,0.020267237862097102,0.015379359708485163,0.06960499316005472,0.09221536718090866,0.09196770056381809,0.02191699069807682,0.16962903149528896,0.6855554339734788,0.7032641568463864,0.5717168262653899,0.7944926505452823,0.09255543397347886,0.11026415684638652,-0.021283173734610097,0.20149265054528226,0.6169593238469748,0.599732972008435,0.49414499416767,0.7532789872722476,0.07958057944195401,0.06241750382956932,0.04456441254788045,0.17888839426904285,0.4338701939215161,0.4379394948803016,0.3762567035411936,0.48592500437115843,0.1690967305077131,0.174156406748746,0.13559256158813682,0.1970288432497735,8.7,8.5,7.225,10.775,6.0,6.0,6.0,6.0,5.7,5.5,5.0,7.0
KFC Bucket Ware,popularity,matched_random,1000,10,0.968,0.967,0.9622250000000001,0.976325,0.9963,0.996,0.9950000000000001,0.998775,0.7415595810915641,0.7449320511084022,0.699767321613237,0.7921097790415973,0.2430478457541343,0.23873546395762985,0.19885681732272642,0.2849276111685626,0.015392573154301679,0.013429115465232067,0.005544434646601829,0.02559977715008504,0.11507938945221938,0.11097558966886659,0.07486869128186151,0.16555678995377227,0.7261670079372624,0.7262759363531408,0.6782057911065151,0.7836052492142564,0.13316700793726238,0.13327593635314078,0.08520579110651505,0.19060524921425645,0.5695590383972241,0.5761503273440169,0.4918319154783827,0.6258593626271742,0.0455355912553035,0.04006311867806556,0.016825618762805042,0.07731585894104409,0.3262400726669596,0.33143795214245964,0.27740480961923847,0.3541667307904624,0.13550799910094577,0.13540642867520747,0.10213758659732484,0.16825208666169347,7.8,8.0,7.0,8.775,10.9,10.5,9.225000000000001,12.775,6.0,6.0,6.0,6.0
KFC Bucket Ware,popularity,matched_random,200,10,0.9640000000000001,0.965,0.930625,0.983875,0.9984999999999999,1.0,0.9950000000000001,1.0,0.7823784656779283,0.8010416666666667,0.6064599686028258,0.8587079326923077,0.20680019229422064,0.1910472972972973,0.13321915064102566,0.3565249662618084,0.010821342027851025,0.005293376277832237,0.0,0.03753466771323915,0.16962794355313923,0.17480264715419708,0.07619823336639936,0.23593134640763644,0.7715571236500773,0.7931306306306307,0.5689253008895867,0.8547335737179487,0.17855712365007737,0.20013063063063075,-0.024074699110413347,0.2617335737179487,0.4969273229581658,0.48232550914387134,0.3810099531883061,0.7134403815832444,0.030521451812181292,0.01723948330192793,0.0,0.08926244899602155,0.28474568367514924,0.26955294335431323,0.21414268311253237,0.4309501797637391,0.4591936971104529,0.445874850538063,0.3409137375717687,0.5809457236842106,6.5,6.0,6.0,7.775,9.7,10.0,6.2250000000000005,12.775,6.0,6.0,5.225,6.775
KFC Bucket Ware,popularity,matched_random,500,10,0.9650000000000001,0.964,0.95335,0.9782,0.9974000000000001,0.998,0.994,1.0,0.7327116535091052,0.7502400960384153,0.6125103734439834,0.8106330756643909,0.24843914308925602,0.23313325330132054,0.17990160547571823,0.3338009861048857,0.01884920340163877,0.011319954177097035,0.003003836009519146,0.05634063395645293,0.11583563347702089,0.12297039742641741,0.028127786932128737,0.1781686741540667,0.7138624501074664,0.7336134453781512,0.5561697394875305,0.8030058724213214,0.12086245010746643,0.14061344537815124,-0.03683026051246951,0.21000587242132132,0.5760860994947756,0.5585688380072141,0.46998337553678804,0.7523753957587478,0.05113250443167926,0.035698922718070146,0.009553263041069463,0.1370862909725966,0.32888074417716806,0.32295795829498775,0.2663708472686733,0.4319726132318184,0.25386557032408463,0.2515606242496999,0.21178765453223253,0.30049177808513905,7.6,7.5,7.0,8.775,10.2,10.0,8.0,12.775,6.1,6.0,6.0,6.775
KFC Bucket Ware,popularity,post_affiliation_proxy,1000,10,0.40359999999999996,0.404,0.3658,0.46504999999999996,0.46719999999999995,0.46599999999999997,0.41635,0.535925,0.7188553898154537,0.7197385947385948,0.6418487055016182,0.7909220449727175,0.2559183131116034,0.2518448736065316,0.1991057125919199,0.3106638418079096,0.025226297072942893,0.025479463909050593,0.004803982900636013,0.04787621359223301,0.08832542053909352,0.08357515441396707,0.010951224172409069,0.16999578719270697,0.6936290927425108,0.6971531293565192,0.5939724919093852,0.7860989469294131,0.10062909274251083,0.10415312935651927,0.0009724919093851807,0.19309894692941304,0.6098860414688551,0.611190975235032,0.48645846317381003,0.7216242403344731,0.07052380015202941,0.07317922989494968,0.01468231026417663,0.12305057912268744,0.41514977485774474,0.4092830305255155,0.3947377810713246,0.45247078464106844,0.08200982211284688,0.08242436352523566,0.07279194920825742,0.09067037237374025,8.8,9.0,8.0,9.0,6.0,6.0,6.0,6.0,5.8,6.0,5.0,6.0
KFC Bucket Ware,popularity,post_affiliation_proxy,200,10,0.35,0.3675,0.28725,0.38,0.392,0.3925,0.320125,0.4555,0.7317425223205777,0.7827777777777778,0.4796052631578947,0.8777152096342551,0.23632842427668477,0.2038888888888889,0.12228479036574487,0.4118609022556391,0.03192905340273761,0.013333333333333334,0.0,0.11446115288220551,0.164130352705332,0.1807398174101046,0.04801811953772102,0.2606685815468173,0.69981346891784,0.7694444444444445,0.3651441102756892,0.8777152096342551,0.10681346891784005,0.17644444444444451,-0.22785588972431078,0.2847152096342551,0.5647771372755094,0.5131033487690544,0.3378973218766527,0.8785743756135219,0.07192429682115598,0.04053333333333334,0.0,0.21890383854372775,0.4153579017207732,0.43304202433895267,0.3386515912897823,0.448406261569789,0.3635644402183207,0.35794871794871796,0.30871929824561406,0.43573684210526314,6.8,7.0,4.225,8.775,6.0,6.0,6.0,6.0,5.3,5.5,4.0,6.0
KFC Bucket Ware,popularity,post_affiliation_proxy,500,10,0.403,0.405,0.3547,0.4571,0.45600000000000007,0.453,0.3987,0.52175,0.7252147055611979,0.7032590669839209,0.6544179939003727,0.839390756302521,0.25090339621575053,0.26368100102953984,0.15703781512605042,0.31025802391441154,0.023881898223051472,0.01788675669272684,0.000982532751091703,0.06441857323004865,0.1060819040810673,0.09015645981995737,0.030834094837164497,0.21489244951336836,0.7013328073381465,0.6860624414161078,0.5975950279228968,0.8358193277310925,0.10833280733814654,0.09306244141610787,0.004595027922896807,0.24281932773109247,0.5929929149986892,0.6111745583611872,0.41367326417875294,0.7302188612457847,0.0654512841675839,0.04919199761618796,0.00303769950992544,0.1733071074144607,0.4078349343370081,0.41566265060240964,0.35775183227881346,0.4411833067720141,0.15376051526998996,0.15087025999827242,0.13910308441558444,0.1726070377709722,8.1,8.0,7.0,9.0,6.0,6.0,6.0,6.0,5.7,5.5,5.0,7.0
MK Buffet,chronological,matched_random,1000,10,0.9641,0.9635,0.96,0.96955,0.9972,0.9975,0.9950000000000001,0.999,0.46491691414088593,0.46411652835408024,0.4218743996926426,0.5008006198347108,0.42906765833586613,0.422634811638961,0.3966352824048302,0.47440321444579625,0.10601542752324795,0.10340398682465671,0.08346079596079597,0.130146804835924,0.053218685688762944,0.055345050244711216,0.026322898234871134,0.08660911739349168,0.358901486617638,0.35422714253532006,0.31347615979381444,0.4165834779471143,0.07490148661763799,0.07022714253532009,0.029476159793814457,0.13258347794711436,0.86879359177259,0.8668228440186563,0.8361197842920566,0.8994270643315042,0.19650249187889374,0.19337574553408804,0.16150899209905423,0.23984872226249176,0.5449333333333334,0.5469999999999999,0.5179333333333334,0.5668249999999999,0.1540686772298992,0.14961139896373055,0.12130724772770228,0.20268504140786753,10.1,10.0,9.225000000000001,11.0,6.9,7.0,6.0,8.55,5.9,6.0,5.225,6.0
MK Buffet,chronological,matched_random,200,10,0.9629999999999999,0.9575,0.951125,0.99275,0.9970000000000001,1.0,0.986125,1.0,0.46140305886594846,0.4726085296684119,0.3503709956030151,0.5679555169650014,0.4343490016735435,0.44908922338568935,0.3604622485533205,0.4876792338656634,0.10424793946050799,0.10209424083769633,0.05072022749621283,0.16484571293969852,0.07710938748634409,0.07160082446856073,0.016159994493067986,0.15043766281694612,0.3571551194054405,0.3916475785340314,0.18552528266331658,0.5019670050761421,0.0731551194054405,0.10764757853403142,-0.09847471733668342,0.2179670050761421,0.855908283687109,0.8613256715755429,0.7699944769630093,0.9269231807036298,0.18305528805016125,0.19407362736767084,0.10714755424915506,0.2413009039940113,0.5462999114307413,0.5385688638553664,0.5002060298935299,0.5899159663865546,0.5051246824703537,0.5169339005235603,0.348627250837521,0.6221104526005262,9.2,9.0,8.225,10.775,6.2,6.0,4.225,7.775,5.9,6.0,5.0,7.0
MK Buffet,chronological,matched_random,500,10,0.968,0.972,0.9478,0.9786499999999999,0.9972,0.998,0.994,1.0,0.4513059302201364,0.45222070119400715,0.38758726899383983,0.5052091621536066,0.43287043512522666,0.43036828036828034,0.39131726065688327,0.48245113696859077,0.11582363465463703,0.11631337836788572,0.07864862725973837,0.1518783068783069,0.0475994834504168,0.03824588979424967,0.016981113760304412,0.09364769351948318,0.3354822955654993,0.329906794771043,0.2459658257553535,0.42656053489386825,0.05148229556549931,0.04590679477104301,-0.03803417424464649,0.14256053489386825,0.8794892269193039,0.8814758194009729,0.8279618587238725,0.9212888082288906,0.2064546075768773,0.20185205562803765,0.15883125649969893,0.25058416617675877,0.5441244729195489,0.540901895206243,0.5213855421686747,0.5688590301003345,0.23904341396518358,0.21075962032034384,0.17488958196117935,0.37087504170837504,9.6,10.0,8.225,10.775,6.6,6.0,5.0,8.775,6.0,6.0,5.225,6.775
MK Buffet,chronological,post_affiliation_proxy,1000,10,0.42780000000000007,0.4345,0.389225,0.45985,0.4913,0.5005,0.45147500000000007,0.5242,0.45929281443828296,0.4575106528315389,0.4142873785115164,0.5044133733239238,0.42804052250745694,0.4300171211935918,0.38742325335215244,0.4555075996313951,0.11266666305426001,0.1142651355714023,0.08820616450524071,0.1370261413569673,0.04581214334181507,0.05184091733194762,0.013570749350465058,0.08054396630061834,0.34662615138402303,0.36209674499438793,0.2788244210150904,0.4070511340084088,0.06262615138402303,0.07809674499438796,-0.0051755789849095854,0.12305113400840885,0.8771885483213173,0.8782069510424867,0.8441919557063284,0.9068943915630293,0.20592004915347153,0.20973704634084372,0.16379519412386542,0.24425370722532885,0.5732333333333333,0.5734999999999999,0.5543750000000001,0.5879916666666667,0.08112577442713334,0.08157725760317552,0.07431268870520583,0.08940422322775264,10.7,11.0,10.0,11.775,3.8,4.0,3.0,4.0,6.0,6.0,6.0,6.0
MK Buffet,chronological,post_affiliation_proxy,200,10,0.3945,0.4025,0.273,0.48324999999999996,0.43899999999999995,0.4525,0.289625,0.53325,0.4497791083806611,0.42764279624893436,0.3661896465903434,0.5657728074394741,0.4241876292142683,0.44240376138701143,0.32101571268237933,0.4770242537313433,0.12603326240507068,0.12799345530269224,0.06574519230769231,0.19254604280736687,0.06790858980774239,0.0670456090096247,0.005336870052739831,0.1294604041310944,0.32374584597559036,0.3014410583510513,0.17364360378297658,0.47336413586413584,0.03974584597559041,0.01744105835105131,-0.11035639621702338,0.18936413586413586,0.8810874445619167,0.8946335979992405,0.8059746794097117,0.9521129589123258,0.2176210742452227,0.22315577236735623,0.1259999075443787,0.2843969842890238,0.5747823590353301,0.5800999863499863,0.5428328173374614,0.600465662616398,0.35364397604251113,0.35481185481185484,0.29641943734015347,0.4289063939561452,9.5,9.5,8.0,11.0,3.4,3.0,3.0,4.0,5.4,5.5,4.225,6.0
MK Buffet,chronological,post_affiliation_proxy,500,10,0.3944,0.376,0.2978,0.5271000000000001,0.4488,0.427,0.32515000000000005,0.6049,0.45309696898669277,0.4518542199488491,0.3622234184734185,0.5281027164685909,0.429873163639691,0.4284526854219949,0.35560475708502026,0.487023562023562,0.11702986737361616,0.11942959001782531,0.06830220713073006,0.15705128205128208,0.05775164266374294,0.04997270286368943,0.013494646853504813,0.11638945344521655,0.3360671016130766,0.3321611253196931,0.20898268398268402,0.45980050933786076,0.05206710161307665,0.04816112531969313,-0.07501731601731598,0.17580050933786084,0.876903499390019,0.8868907214298984,0.8064732174982552,0.9178614385426809,0.20779870675543677,0.2139146354321425,0.14403593901781675,0.2773034657650042,0.5834600233710763,0.5804616459147627,0.5694166666666667,0.6044793199554068,0.17369005159992096,0.16935483870967744,0.13350215002388915,0.23508623755334282,10.3,10.5,9.0,11.0,4.0,4.0,3.225,4.775,5.6,6.0,5.0,6.0
MK Buffet,interest,matched_random,1000,10,0.9708,0.971,0.96125,0.97655,0.9971,0.9975,0.9950000000000001,0.998775,0.45909807456516705,0.45734776771662816,0.41265238057514064,0.5103241429437219,0.4522998767899929,0.45590735480301725,0.4094103486711337,0.4815712059996303,0.08860204864484009,0.08555284360811485,0.07852783481633585,0.10914645147225752,0.06926241859185175,0.07096702625332593,0.04092416095579101,0.09478750507370959,0.37049602592032693,0.37088813852554314,0.3047139467230085,0.4300586345585774,0.08649602592032697,0.0868881385255432,0.0207139467230085,0.1460586345585774,0.8455378390057205,0.8418349483366745,0.8288480860453484,0.8734051505780246,0.16188393103627152,0.16281077993307647,0.1429296933580007,0.1822220360666414,0.5136000000000001,0.5145,0.5046333333333333,0.5203666666666668,0.1411925260279629,0.13206527766774934,0.1023954753722795,0.20573481827075024,8.2,8.0,7.0,9.775,8.8,8.5,8.0,10.775,6.0,6.0,6.0,6.0
MK Buffet,interest,matched_random,200,10,0.9625,0.965,0.925625,0.983875,0.9960000000000001,1.0,0.986125,1.0,0.4449587922806887,0.46154393353061685,0.2923809523809524,0.5646173774412117,0.44249569494280294,0.42925679195109245,0.3707014530299617,0.571858648965248,0.11254551277650829,0.10701625218150088,0.04695031220937957,0.18730631141345427,0.08915657807903413,0.07691040873835849,0.03419342115413894,0.16132372320803703,0.3324132795041804,0.3401268115942029,0.13307692307692306,0.5173017138302113,0.048413279504180465,0.05612681159420291,-0.1509230769230769,0.2333017138302113,0.8589636236610649,0.8600638062554191,0.7577285425207114,0.9498252245809674,0.189177009358941,0.16418233399566146,0.10170439700735012,0.29363561591583354,0.5241010029898225,0.5295530096588721,0.45473441403588466,0.5786769674085851,0.4647426235836979,0.46054335439759664,0.33287459935897434,0.6263566857807695,7.5,7.0,7.0,8.775,7.2,7.0,6.0,9.775,6.1,6.0,5.225,7.0
MK Buffet,interest,matched_random,500,10,0.9736,0.973,0.96225,0.9815499999999999,0.9968,0.997,0.994,1.0,0.45060476217407575,0.4454732510288066,0.39581909692744555,0.5010193561960866,0.45304547149536567,0.45622162827202917,0.4106105025773196,0.4858032519918867,0.09634976633055857,0.09128607134742103,0.06480380812118662,0.13101471594798084,0.06334302536957817,0.06373093196469448,0.024850091193464603,0.10644422416372896,0.35425499584351716,0.3476987553333838,0.2678508847133412,0.4269719124763307,0.07025499584351716,0.06369875533338384,-0.016149115286658806,0.14297191247633076,0.8542806787687367,0.8505150452029019,0.8073113562570933,0.899598729341317,0.1715841453683733,0.17113169218347385,0.12730111674073522,0.22688457455207794,0.5217637049871728,0.5160334672021418,0.49268092369477917,0.5537000000000001,0.22247057310489832,0.21618733282103608,0.16656297898250993,0.30155993587316016,7.4,7.5,6.2250000000000005,8.0,9.0,9.0,7.0,13.100000000000001,5.9,6.0,5.0,6.775
MK Buffet,interest,post_affiliation_proxy,1000,10,0.42969999999999997,0.4315,0.38925,0.47892500000000005,0.4948,0.4965,0.4580000000000001,0.546,0.46244101751491484,0.46395530282221065,0.38375864264919946,0.5033473213241315,0.4437541192861002,0.44357053682896375,0.4112712706496088,0.4895681567189131,0.0938048631989849,0.09454911719398032,0.06624789414677722,0.1321256368267831,0.06910237823253093,0.06603751578044384,0.033337144373613875,0.10250319769480648,0.36863615431593,0.37534469424220607,0.2516330058224163,0.42945505322259914,0.08463615431593002,0.09134469424220609,-0.032366994177583645,0.1454550532225992,0.8504992709445924,0.8541236028177293,0.8105828697451603,0.8957037199821055,0.17090609740040402,0.18049465096827472,0.1249515071447801,0.20272311578360758,0.5521333333333334,0.5511666666666667,0.5422333333333333,0.5614416666666666,0.08370639351021132,0.08343000773395204,0.07647869296792652,0.08992671131678806,9.6,10.0,8.225,10.775,6.0,6.0,6.0,6.0,5.9,6.0,5.225,6.0
MK Buffet,interest,post_affiliation_proxy,200,10,0.413,0.43,0.269125,0.517,0.45549999999999996,0.485,0.289625,0.56375,0.4054824387149519,0.35289719626168226,0.3190047021943574,0.571723901098901,0.4295137080291759,0.46352991728434845,0.3288129791894852,0.4986764705882353,0.16500385325587227,0.17914438502673796,0.04637019230769231,0.2516947492163009,0.10533660582009012,0.09866881663360252,0.05857093391974219,0.16918634549347625,0.24047858545907957,0.1559098405717427,0.11039629439011836,0.5253537087912088,-0.043521414540920386,-0.12809015942825727,-0.17360370560988161,0.24135370879120882,0.9066730809054203,0.9289593097439066,0.7526840417079964,0.9808307843165377,0.24879348707053098,0.2436855643283351,0.10564341187658495,0.3952789507377314,0.5604720811906471,0.5546204629927041,0.5383465608465609,0.5919327731092437,0.3524071501244423,0.34647058823529414,0.30209112311314223,0.41289158602591436,7.3,7.0,6.2250000000000005,8.775,5.8,6.0,5.0,6.0,5.2,5.0,4.225,6.775
MK Buffet,interest,post_affiliation_proxy,500,10,0.3868,0.362,0.3036,0.4921,0.4476,0.419,0.3469,0.5810000000000001,0.4559029552977897,0.47564947265576074,0.34289545116238346,0.5753672316384181,0.4230640679104285,0.4089139232199497,0.3473983050847458,0.49165973468762314,0.12103297679178185,0.11640403837963775,0.0518997175141243,0.18170017755170595,0.07844177882897575,0.06477636211160837,0.045911448115571074,0.16229911885591325,0.3348699785060078,0.359245434276123,0.16606603003982914,0.5209675141242939,0.05086997850600784,0.07524543427612299,-0.11793396996017082,0.2369675141242939,0.8739949358580767,0.8768428398069644,0.760425223893123,0.9399655737134851,0.20933375332367218,0.21631309344831143,0.10934922604423844,0.26780783653163664,0.5658242862195717,0.5614618473895583,0.542237014725569,0.5901333333333334,0.16797243915264531,0.16342316900976117,0.1282807634092451,0.24100843881856543,8.5,9.0,7.0,9.775,5.8,6.0,4.45,6.0,5.5,5.5,5.0,6.0
MK Buffet,popularity,matched_random,1000,10,0.9679,0.9695,0.9582249999999999,0.9737750000000001,0.9967,0.997,0.9942249999999999,0.998,0.4752250658563698,0.5098119924112557,0.34731752267016974,0.5525872792193345,0.4396385859013276,0.4194559233083158,0.38776252290093394,0.5163733255109025,0.08513634824230266,0.0737801293356849,0.05792315190557422,0.14813824020814467,0.09837036202695568,0.09836283797007062,0.05664399522951375,0.1391278192302276,0.3900887176140671,0.43354091540573203,0.2055275676916602,0.4941967662983016,0.1060887176140671,0.14954091540573208,-0.0784724323083398,0.21019676629830164,0.829528727292988,0.820795465876721,0.7835909106398887,0.9076080995111948,0.15347667666866704,0.15038397701394818,0.12273128041758612,0.2097388732291784,0.4819,0.47683333333333333,0.4553083333333333,0.519825,0.1417894891612429,0.14232443215305798,0.11269921244539086,0.1681269649566751,7.3,7.0,7.0,8.0,9.9,10.0,9.0,11.0,5.7,6.0,5.0,6.0
MK Buffet,popularity,matched_random,200,10,0.9695,0.9724999999999999,0.9411249999999999,0.9938750000000001,0.9970000000000001,1.0,0.98725,1.0,0.48632037114051724,0.47932610544217685,0.2521260146888288,0.6707494052339414,0.4175922973473577,0.42950988685629693,0.30010044937879987,0.5567738960761253,0.09608733151212506,0.09202124875700005,0.02217134717134717,0.19270197139543876,0.1316059275782646,0.10739212115649449,0.04823449015102685,0.2451960020479952,0.3902330396283922,0.391953656462585,0.05942404329339003,0.6416483516483518,0.10623303962839221,0.10795365646258503,-0.22457595670660993,0.3576483516483517,0.8125484883126391,0.8435486892983488,0.6586282433701797,0.9231102027649412,0.15680424116930436,0.16921094828482097,0.05693033567677443,0.2318131685302699,0.4672190216619958,0.4647058823529412,0.3976874003189793,0.5334453781512605,0.46666529812774105,0.4478632478632478,0.31655433250910636,0.7591687124931806,7.8,8.0,6.2250000000000005,9.775,8.7,8.5,7.225,10.775,6.0,6.0,6.0,6.0
MK Buffet,popularity,matched_random,500,10,0.9658,0.965,0.95115,0.9771,0.9965999999999999,0.998,0.99245,0.9995499999999999,0.4285928112964391,0.4281259357488129,0.33602709981701506,0.5234728475526023,0.47795211197535303,0.4636929460580913,0.42546947608297303,0.5446676632045566,0.09345507672820783,0.09666519377225587,0.049055404465245714,0.12676123038066028,0.07592514939520648,0.07641345666654095,0.032517613916012336,0.1410131115219368,0.3351377345682313,0.33809513624502713,0.20926586943635478,0.4724151711881774,0.05113773456823133,0.05409513624502715,-0.07473413056364521,0.18841517118817744,0.8451341784377178,0.8533889649250983,0.7712057337676597,0.8799404025394235,0.15525894969986523,0.1598663225239003,0.09865933701066329,0.18972813828963,0.49507242078682623,0.49131726907630524,0.47068333333333334,0.5222346153846154,0.2481638549196028,0.22145499749679676,0.1731191421183303,0.3962807212144939,7.9,8.0,7.0,9.775,9.5,9.0,6.2250000000000005,13.55,5.9,6.0,5.225,6.0
MK Buffet,popularity,post_affiliation_proxy,1000,10,0.42699999999999994,0.4245,0.391725,0.45555,0.49160000000000004,0.491,0.4569000000000001,0.526975,0.47341303612529984,0.47697141783410235,0.35872618064798745,0.5668009172514298,0.42453958371400047,0.4211529325386542,0.37573651910784717,0.4856275167219854,0.10204738016069972,0.1026427728253348,0.05217567003858588,0.16010605236578354,0.0804871499744874,0.06115037573288472,0.028189429056656987,0.15055217059697232,0.37136565596460014,0.36431610088969507,0.20307987801796037,0.5119504451547326,0.08736565596460015,0.0803161008896951,-0.08092012198203963,0.22795044515473267,0.8530360994343139,0.8633682703356373,0.7724683892337204,0.9204779032410725,0.18563818015387726,0.19240086139549845,0.1071047988879246,0.26641183954261793,0.5289666666666666,0.5323333333333333,0.5036583333333333,0.5417,0.08109339428700549,0.078658841726946,0.07179243152563151,0.09595699634838009,9.0,9.0,8.0,10.0,6.0,6.0,6.0,6.0,6.0,6.0,6.0,6.0
MK Buffet,popularity,post_affiliation_proxy,200,10,0.392,0.3875,0.279,0.491625,0.43600000000000005,0.425,0.28850000000000003,0.548875,0.4206505490484351,0.38946759259259256,0.23339393939393938,0.5974431202600217,0.4693208191834913,0.4682459677419355,0.28647887323943666,0.5888047138047138,0.11002863176807368,0.10440891472868218,0.016610576923076926,0.2115713587487781,0.1352961332907518,0.12628608415856385,0.05218316410801526,0.21838758405748623,0.31062191728036137,0.30960648148148145,0.02540322580645161,0.5474038461538462,0.026621917280361396,0.02560648148148148,-0.2585967741935484,0.2634038461538462,0.8289030993996978,0.8471971666203973,0.686177647053458,0.9390725266086537,0.16386628027925232,0.1723090277777778,0.03756018860946746,0.32530574987495875,0.5417604647709262,0.5496632996632997,0.5051566403588462,0.5830112991142403,0.34096855776830653,0.35047494267933177,0.2825841346153846,0.41446759259259264,7.0,7.0,5.0,9.0,6.0,6.0,6.0,6.0,5.3,5.0,4.0,6.775
MK Buffet,popularity,post_affiliation_proxy,500,10,0.38079999999999997,0.387,0.27335000000000004,0.49785000000000007,0.442,0.453,0.318,0.57555,0.44913244145885745,0.4507373506229342,0.34842207973236694,0.5701860075713454,0.42169186260946623,0.43209494324045405,0.35738034344172454,0.502113309352518,0.12917569593167638,0.1282894736842105,0.04628089607521904,0.20661137440758293,0.07696251651660177,0.0707698045001504,0.029088267935595505,0.16456880396266246,0.31995674552718106,0.3221622701838529,0.14181070532478396,0.515204571927781,0.0359567455271811,0.0381622701838529,-0.14218929467521602,0.23120457192778104,0.8823807491557935,0.8902120299491574,0.7516740955259538,0.9588615981694959,0.22222029437231558,0.24824323773830864,0.09405637920487503,0.30360171853799217,0.5458154123741342,0.5486666666666666,0.5103666666666667,0.5691596385542168,0.15658281282721614,0.15684767234487423,0.13392543859649123,0.183814586645469,7.8,7.5,7.0,9.0,6.0,6.0,6.0,6.0,5.5,5.5,5.0,6.0
Parameter Gelato,chronological,matched_random,1000,10,0.9671,0.966,0.96,0.975775,0.9962,0.997,0.994,0.998775,0.1378907095509988,0.13464236827764356,0.11061357492276003,0.1661703201806829,0.47237977512620677,0.4670416036910349,0.4577363059989702,0.5026360433955741,0.3897295153227944,0.38863640228555885,0.3638986378205128,0.4304871749485067,0.03669754655618041,0.036280082189068655,0.007997380868340537,0.07613311560905518,-0.25183880577179557,-0.24380144207877016,-0.3198736000257467,-0.2002755413843497,-0.051838805771795594,-0.04380144207877018,-0.11987360002574668,-0.000275541384349699,0.9037037402356228,0.9005393357109519,0.8762024783569651,0.9298863998577771,0.21384702166778197,0.21322409526407737,0.18601562500000002,0.24355138378185906,0.5617121184475219,0.5611349471341125,0.5459771877087508,0.5789626354234034,0.14725946724773298,0.14703820484190225,0.11309392525971156,0.18280694837796085,9.9,10.0,9.0,11.0,7.7,7.5,6.0,10.55,6.0,6.0,6.0,6.0
Parameter Gelato,chronological,matched_random,200,10,0.9605,0.96,0.9422499999999999,0.9788749999999999,0.9974999999999999,1.0,0.991125,1.0,0.14101481991531212,0.14264232008592911,0.08019462719298247,0.19449468085106386,0.478869664024735,0.48177033882212517,0.4454705818497612,0.5109251644736842,0.38011551605995286,0.3878244402361591,0.31228966346153847,0.43616776315789474,0.05113791323571597,0.04629308682045824,0.015396701130754758,0.11369500305386088,-0.23910069614464075,-0.2372312576584605,-0.35597313596491226,-0.12213341346153844,-0.03910069614464075,-0.037231257658460526,-0.1559731359649123,0.07786658653846154,0.9002028471007264,0.9049281044478252,0.8323039792305689,0.9410343944809147,0.2092292985858971,0.21018449186288088,0.13977965575946447,0.26449800695047426,0.556962311557789,0.5566666666666666,0.5113333333333333,0.590624581239531,0.4520208789701333,0.4235440168402872,0.3624720479956368,0.5841997851772288,8.6,8.5,7.225,10.0,6.2,6.0,5.0,8.775,6.1,6.0,5.0,7.0
Parameter Gelato,chronological,matched_random,500,10,0.9692000000000001,0.971,0.9562499999999999,0.9786499999999999,0.9972,0.998,0.99445,0.9995499999999999,0.14896844756591082,0.14078735297143447,0.12213191117195225,0.20075368036994612,0.45778672637839646,0.46275419224306436,0.4088134078637159,0.5014261168384879,0.3932448260556927,0.4022504599324006,0.31006109201985493,0.4690546809643319,0.051386731305936184,0.04839397162454569,0.013620348839892488,0.09410857400354182,-0.2442763784897819,-0.26081548321808057,-0.3469227697923796,-0.11122077977175343,-0.04427637848978192,-0.06081548321808061,-0.14692276979237961,0.08877922022824655,0.9115940996454152,0.9094524323014391,0.889609276570108,0.9430382450490933,0.2291570071239472,0.22830623549803247,0.20513542868009366,0.2536752594145458,0.5680629251662135,0.5675698062792252,0.5549868139223562,0.5823745819397993,0.24844879714482454,0.2515559636771758,0.14294293130835692,0.3253307421531241,9.6,10.0,8.225,10.775,6.8,6.5,6.0,8.775,6.0,6.0,6.0,6.0
Parameter Gelato,chronological,post_affiliation_proxy,1000,10,0.3981,0.406,0.34932500000000005,0.433825,0.4617,0.47,0.40555,0.49605000000000005,0.14715518989919055,0.13923085856972794,0.10679260960016237,0.196261554231986,0.4741860086302748,0.4736756522367565,0.4410788467929545,0.5151172668057749,0.37865880147053466,0.3749069667786824,0.34396793976776663,0.42621368798178905,0.03817210089856736,0.0342518790102871,0.015065587756180296,0.0744566689002777,-0.23150361157134408,-0.23510496210911414,-0.3095142014589477,-0.14770638553578058,-0.03150361157134409,-0.035104962109114166,-0.10951420145894769,0.052293614464219415,0.9098573278775557,0.9074114913847702,0.8678621537517565,0.9499850245378665,0.2210437948459641,0.22366924363733778,0.1717303912251431,0.26986447758034915,0.5870475685380229,0.5879109917107448,0.571223692264886,0.6006446680403275,0.08307159052110155,0.08417104465548596,0.07556509549675836,0.08782467532467533,11.0,11.0,10.0,12.0,4.2,4.0,3.225,5.0,5.9,6.0,5.225,6.0
Parameter Gelato,chronological,post_affiliation_proxy,200,10,0.40599999999999997,0.395,0.29612499999999997,0.58575,0.4685,0.4575,0.3395,0.6557500000000002,0.15656419179195336,0.1477128024292291,0.05445876288659794,0.2651334147192187,0.45734800041923274,0.46664707610931533,0.3645367519078859,0.5148234463276836,0.3860878077888139,0.39419831223628693,0.2554042789663795,0.5288333550828657,0.0989475099640452,0.09134652517114022,0.037803158011692616,0.1896789594563707,-0.22952361599686055,-0.2715367965367965,-0.4740897820696855,0.005524066968957132,-0.029523615996860587,-0.07153679653679654,-0.27408978206968554,0.20552406696895714,0.8966328167078353,0.903991480071157,0.7757219172292185,0.9722859632579578,0.22051213989551038,0.21206429243171931,0.10434801785524497,0.34579745946468854,0.5874606365159128,0.5864698492462311,0.55725,0.6194166666666667,0.3796485701082141,0.35221900259264904,0.2985339906590555,0.5277401129943503,9.4,9.5,8.0,11.0,3.4,3.0,3.0,4.0,5.9,6.0,4.225,7.0
Parameter Gelato,chronological,post_affiliation_proxy,500,10,0.3908,0.361,0.307,0.50705,0.44820000000000004,0.419,0.3501,0.58055,0.14994183461683908,0.16009221311475408,0.10071138887042085,0.19767947466501024,0.4653615777468721,0.4593406593406594,0.43538369904112006,0.5173205103789754,0.3846965876362888,0.37707816662074034,0.3210404367422079,0.45989711455355364,0.04426782040489362,0.03717604131716568,0.00787414556486922,0.09988794279788046,-0.23475475301944973,-0.21049205043859648,-0.3588931919420251,-0.1298525006635574,-0.034754753019449754,-0.010492050438596509,-0.15889319194202514,0.07014749933644257,0.9114213944695241,0.9250394939890392,0.8643620026732065,0.9458729924604078,0.22614701653786878,0.23533078948794536,0.17744676440785495,0.2660884805060366,0.5941798742623212,0.5963210702341137,0.5796526574525527,0.6119405477621911,0.16585322848808015,0.16956845007590074,0.12593715734649122,0.21068452605384208,10.6,10.5,10.0,11.775,3.9,4.0,3.0,5.0,5.5,6.0,4.225,6.0
Parameter Gelato,interest,matched_random,1000,10,0.9650000000000001,0.9675,0.9519,0.97355,0.9957,0.996,0.99145,0.9995499999999999,0.11440471018144201,0.11328881396957123,0.0905833471072629,0.13796487603305785,0.48730530442625686,0.49010758160663137,0.4563831018518519,0.5209198692260355,0.3982899853923011,0.39984091203185673,0.36823347107438015,0.4421730324074074,0.06305669674620587,0.06603280292418119,0.02875100112096027,0.09958649506835168,-0.2838852752108591,-0.2811518475627214,-0.3486226851851852,-0.23140495867768593,-0.08388527521085912,-0.0811518475627214,-0.1486226851851852,-0.03140495867768595,0.8761781641232729,0.879594631101752,0.8472850538878701,0.9010591686616761,0.18105592526083156,0.18881284691807027,0.1487600476647596,0.20384323133665733,0.5294392888648114,0.5309734103711039,0.5083270868113523,0.5519016831659982,0.13524778420755873,0.1333948171129129,0.1058442518213373,0.16827541493775933,7.7,8.0,7.0,8.0,10.1,10.0,7.225,14.875000000000002,5.8,6.0,5.0,6.0
Parameter Gelato,interest,matched_random,200,10,0.9654999999999999,0.96,0.9383750000000001,0.99775,0.999,1.0,0.9950000000000001,1.0,0.14244142566005188,0.1511000189892304,0.07794326537433155,0.21421875,0.5098280655535938,0.48958333333333337,0.4658223684210526,0.5799381247025226,0.3477305087863543,0.33333333333333337,0.2596638262634897,0.44523360540388407,0.07415347147291633,0.084429324025868,0.02438437940179928,0.11845282278297214,-0.20528908312630242,-0.18173926767676768,-0.3662788268716578,-0.07932918848167538,-0.005289083126302429,0.01826073232323229,-0.1662788268716578,0.12067081151832461,0.8860565487375667,0.8788798890347218,0.8293330071262679,0.9507974379143062,0.18949909791921218,0.17915526886881158,0.1355654690980265,0.26320507812500005,0.5284497487437185,0.5283333333333333,0.48983333333333334,0.5644022194304857,0.4224029614793953,0.39750907428444765,0.32201343201754384,0.5716377617801047,7.0,7.0,6.0,8.0,7.6,7.0,6.2250000000000005,9.0,5.9,6.0,5.0,6.775
Parameter Gelato,interest,matched_random,500,10,0.9692000000000001,0.97,0.9547,0.976,0.9978,0.998,0.996,1.0,0.12404116653522242,0.10905395965198247,0.06424268083575013,0.2109841839021579,0.4843798931298243,0.47484367077911105,0.4485178560088063,0.5394113080014615,0.3915789403349533,0.4084781642287093,0.25873701761531415,0.48462728024061275,0.0896695111012951,0.09083645268435453,0.04435569345974403,0.14869429380728055,-0.2675377737997308,-0.2994242045767268,-0.41840476880213345,-0.05283120957930458,-0.06753777379973085,-0.09942420457672685,-0.21840476880213347,0.14716879042069542,0.872928643477825,0.8697087500503258,0.8059340989280546,0.9495093458374483,0.1806505533844684,0.1688404524161753,0.12260749617032538,0.2687622259142006,0.5303023854875987,0.5260521042084169,0.5003026386105545,0.5664927710843374,0.20332358394141642,0.19856262833675564,0.15470505197416265,0.28522193089637854,7.4,7.0,7.0,8.0,9.2,9.0,8.0,10.775,5.7,6.0,5.0,6.0
Parameter Gelato,interest,post_affiliation_proxy,1000,10,0.3905,0.384,0.33175,0.45480000000000004,0.44820000000000004,0.4445,0.382925,0.5122500000000001,0.13657941497187048,0.13216142270861833,0.08759230575267461,0.214176186989736,0.4868854998112167,0.48509700450100884,0.44526176083081453,0.5246684475172847,0.3765350852169128,0.37791855203619906,0.2976595200928318,0.4439195273945463,0.0618193037233013,0.050634299970357836,0.03512738355220876,0.10576420395097431,-0.23995567024504236,-0.2504977375565611,-0.3563272216418717,-0.08348333310309577,-0.03995567024504236,-0.05049773755656109,-0.15632722164187168,0.11651666689690421,0.8928067708061878,0.8907162830158818,0.8452974401523182,0.9468205546900338,0.19883134223024027,0.18888383089630492,0.15526259128479453,0.2545146822039807,0.5688612934807267,0.5739310261847824,0.5485485114079021,0.5875229897747638,0.08220659957280747,0.08146125665307252,0.0717689075630252,0.09270820650188726,8.4,9.0,7.0,9.0,6.0,6.0,6.0,6.0,5.9,6.0,5.225,6.0
Parameter Gelato,interest,post_affiliation_proxy,200,10,0.414,0.4325,0.306125,0.49987500000000007,0.485,0.505,0.33725000000000005,0.5976250000000001,0.14499073461418394,0.12429873772791024,0.060229476405946995,0.31531300813008134,0.487300181600651,0.4912142669813795,0.4014463477698772,0.5960819672131148,0.3677090837851651,0.3880155165373622,0.13503825136612022,0.5383241758241759,0.10774037632081301,0.08383371359825714,0.028979700208942517,0.2732935184876061,-0.22271834917098116,-0.25387913434054715,-0.47809469941822885,0.17438211382113836,-0.022718349170981186,-0.05387913434054717,-0.2780946994182289,0.37438211382113834,0.8666043257144075,0.8650824703035869,0.7892784953183125,0.9409398853902022,0.1785171813665027,0.17416498337107994,0.12237031627689345,0.24755281994204675,0.5644522613065327,0.5647613065326633,0.5070833333333333,0.605,0.39057925619739764,0.37960784313725493,0.29768699042892593,0.5252717391304348,8.7,9.0,7.0,10.775,5.7,6.0,4.225,6.0,5.2,5.0,4.0,6.0
Parameter Gelato,interest,post_affiliation_proxy,500,10,0.3846,0.379,0.29625,0.48545000000000005,0.4418,0.433,0.34335,0.56495,0.16261809585062748,0.17306332842415317,0.10979247104247104,0.20742101565821824,0.4870512813280322,0.49574829931972786,0.43193989980219255,0.5189399077590885,0.3503306228213403,0.3570326916191578,0.30498674521354935,0.3923372862658577,0.044360227847289234,0.04600920512422408,0.021555347351485097,0.06656202589950908,-0.18771252697071286,-0.16097165991902834,-0.28254481522338665,-0.12438144329896905,0.012287473029287118,0.03902834008097163,-0.08254481522338666,0.07561855670103093,0.9171352004947355,0.9179172342841637,0.8707139648782987,0.9617541365750221,0.22582952767529366,0.2158264588181962,0.1720974887502742,0.29921980993719294,0.5693191108565109,0.5684179303613562,0.544161399722522,0.5872632264529059,0.16571185655188064,0.1624742268041237,0.13005841790989592,0.20257116004296455,8.9,8.5,7.225,10.775,6.0,6.0,6.0,6.0,5.8,6.0,4.225,7.0
Parameter Gelato,popularity,matched_random,1000,10,0.9702,0.9715,0.9560249999999999,0.9770000000000001,0.9967,0.997,0.994,0.999775,0.12168798632911063,0.11761652017009781,0.07325329649875587,0.16512899787905327,0.49940771445589094,0.5028405913326087,0.4528180917925709,0.5305256089679067,0.37890429921499846,0.3725600664565051,0.3269346584588,0.4687061588441921,0.06264705286381457,0.059034173945926305,0.022606295353491256,0.13317214459276255,-0.25721631288588787,-0.26059470051972394,-0.39492961264915066,-0.16449466597727105,-0.05721631288588787,-0.060594700519723946,-0.19492961264915068,0.03550533402272893,0.8774222166517814,0.879725097047064,0.8209402104869362,0.9175468835356551,0.1795901330810243,0.17881513869789495,0.13572716781446054,0.21762189591108583,0.49786753578413395,0.4978295490816359,0.48585830550918196,0.511631596526386,0.13978625992151314,0.13307809015542277,0.10736830891496148,0.18483814790542183,8.0,8.0,7.0,9.0,10.8,10.0,9.225000000000001,15.100000000000001,6.0,6.0,6.0,6.0
Parameter Gelato,popularity,matched_random,200,10,0.9574999999999999,0.96,0.9383750000000001,0.968875,0.998,1.0,0.9950000000000001,1.0,0.1295981990545605,0.13057646160558464,0.053815171632124355,0.19463730569948187,0.5384739847676976,0.5376747449668051,0.46813471502590676,0.6001603618421053,0.331927816177742,0.3254889726826357,0.24041118421052632,0.4523052946891192,0.09399423099747159,0.0899440382603957,0.03392060363187086,0.15509768498785412,-0.20232961712318143,-0.16672544285598026,-0.38152525906735746,-0.04697368421052628,-0.00232961712318146,0.03327455714401972,-0.1815252590673575,0.1530263157894737,0.8614097774309604,0.8718607515591246,0.7814207514879321,0.9221368340389446,0.1609194247917336,0.16693288658103533,0.0905029296875,0.22387595792603035,0.500428810720268,0.5033333333333333,0.4655833333333333,0.524839824120603,0.4476058497832452,0.4333824171029669,0.33625102263430595,0.5618442357512954,7.0,7.0,6.0,8.0,8.8,8.0,7.0,11.775,6.1,6.0,5.0,7.0
Parameter Gelato,popularity,matched_random,500,10,0.9683999999999999,0.968,0.96045,0.9802,0.9982,0.998,0.996,1.0,0.10669140173713051,0.10774728956547139,0.07091175543381018,0.13788753111563704,0.4888057826527568,0.5056701030927835,0.37856914635289307,0.5525498473563647,0.4045028156101127,0.37876373860441337,0.32215810515199517,0.5481338451183041,0.08926208036466321,0.07363903966913937,0.04103892324576455,0.17563606225595346,-0.2978114138729822,-0.265223106132197,-0.4772220896844939,-0.18427057403635813,-0.09781141387298219,-0.06522310613219706,-0.2772220896844939,0.015729425963641845,0.8561290120954773,0.8614128003951681,0.8054064270064369,0.8896257325220824,0.16568988840231452,0.16878999899973413,0.13974541068563753,0.18765541521835427,0.4960925332525604,0.5023395732378917,0.4659470607882431,0.5218502338009352,0.2360819413132274,0.22884994728429073,0.18815990737845534,0.3252780510758438,7.4,7.0,7.0,8.0,9.7,9.5,8.0,12.0,6.0,6.0,6.0,6.0
Parameter Gelato,popularity,post_affiliation_proxy,1000,10,0.3976,0.39,0.360925,0.46072500000000005,0.4568,0.45,0.41230000000000006,0.516525,0.11933869078896817,0.11865075530647085,0.048303505548946676,0.19121447028423771,0.46985545457203404,0.4627985876876344,0.4339293884398353,0.5318843821283687,0.41080585463899777,0.4091167792472329,0.3348191214470284,0.5009169291722145,0.08044240803324698,0.07070004439052215,0.033595356097878754,0.17753461222482655,-0.2914671638500296,-0.2956039990792413,-0.4441007696554412,-0.1436046511627907,-0.09146716385002963,-0.09560399907924128,-0.24410076965544117,0.05639534883720927,0.8749124602735641,0.886855174599974,0.7717969294880641,0.9463014983338451,0.1890046232331567,0.20124638403717754,0.09258748016405728,0.26369809506640224,0.5411879032463421,0.5429811909437827,0.5172693238731219,0.5553165553700612,0.08409432737286025,0.08042668647416257,0.07181156536077785,0.11026861114720021,9.2,9.0,8.0,10.775,6.0,6.0,6.0,6.0,5.9,6.0,5.225,6.0
Parameter Gelato,popularity,post_affiliation_proxy,200,10,0.399,0.3975,0.27787500000000004,0.530375,0.4665,0.4825,0.30625,0.611,0.13560526025230726,0.1258309591642925,0.06149817850637523,0.2828969038208169,0.4508264356758178,0.4132513661202186,0.3388379204892966,0.6419270833333333,0.41356830407187495,0.4349477682811016,0.2235733695652174,0.5063524590163935,0.11858828755594372,0.13042260051496488,0.019451925507039593,0.17360014414651354,-0.2779630438195677,-0.32246007475365274,-0.4240778688524591,-0.029495018115942042,-0.07796304381956772,-0.12246007475365275,-0.22407786885245906,0.17050498188405794,0.8706721445300566,0.8743442472065357,0.7715745111457544,0.9826584568576451,0.2145750016562725,0.19706189253514356,0.08696389531893003,0.40924235700734657,0.5462721943048576,0.5466666666666666,0.5063333333333333,0.5729583333333333,0.3668831898965462,0.3516313932980599,0.29549168577981655,0.4712250712250712,8.0,8.0,6.2250000000000005,9.775,6.0,6.0,6.0,6.0,5.5,6.0,4.225,6.0
Parameter Gelato,popularity,post_affiliation_proxy,500,10,0.3852,0.362,0.30315,0.5085500000000001,0.44020000000000004,0.418,0.33965,0.59935,0.14899630482553305,0.1426416359369762,0.08406385281385281,0.22973255813953486,0.4594684335233885,0.45576581247222636,0.3676608187134503,0.5611694677871149,0.39153526165107844,0.3985743985743986,0.2484980620155039,0.5342117604617604,0.08601980518618312,0.07191689028795267,0.048989229204244034,0.16431826852667816,-0.24253895682554533,-0.26347732075286256,-0.4501479076479077,-0.04617248062015502,-0.04253895682554536,-0.06347732075286255,-0.2501479076479077,0.15382751937984496,0.8975352289607864,0.8921090272761127,0.8240609321671781,0.9676127012613782,0.22111093508104385,0.20062225497841546,0.148958533973519,0.30546765458806563,0.5515372179504272,0.5608300212465064,0.5149454003304187,0.5719206746826987,0.16827396508880837,0.1639201599762998,0.12722575516693163,0.22458333333333336,8.6,8.5,7.0,11.325000000000001,6.0,6.0,6.0,6.0,5.5,5.5,4.225,6.775
วิ่งแลกแว่น | Top Charoen,chronological,matched_random,1000,10,0.9645999999999999,0.965,0.9529,0.9790749999999999,0.9960000000000001,0.995,0.9942249999999999,0.998775,0.33584499813659374,0.3264284093196134,0.29402427793785263,0.38667266459990896,0.583476224642908,0.5794080790210822,0.5393373729052399,0.6239171110387162,0.0806787772204982,0.07897921781527716,0.06346651641085274,0.10022850476307434,0.10732809766401566,0.11184168609814402,0.07477442235637535,0.14101991137947079,0.25516622091609553,0.24783378081523066,0.20789744690212048,0.3126827021050578,0.055166220916095556,0.04783378081523065,0.007897446902120455,0.11268270210505775,0.8017672749637704,0.8010301393671295,0.7680460615508519,0.8277906289188983,0.10748534974922455,0.10502531597912096,0.08443344572580506,0.12699120384670082,0.4913666666666667,0.4915,0.46169166666666667,0.5111083333333333,0.14896062302704466,0.14677249766947775,0.1256671202919305,0.168621312632937,10.0,10.0,9.0,11.0,6.9,7.0,6.0,8.0,6.1,6.0,6.0,6.775
วิ่งแลกแว่น | Top Charoen,chronological,matched_random,200,10,0.961,0.9575,0.9422499999999999,0.99325,0.998,1.0,0.9950000000000001,1.0,0.3385042716221397,0.33855056489391017,0.24592173438778292,0.4371744438415627,0.5818730392505513,0.5958528520253514,0.4994004340748779,0.656296052631579,0.07962268912730887,0.06707446808510639,0.05742735745614035,0.128787155713117,0.11555577399455416,0.11700640640305454,0.04441007379310375,0.17854998780648748,0.25888158249483084,0.27295398181317165,0.11713457867466595,0.37838849701573524,0.058881582494830845,0.07295398181317167,-0.08286542132533407,0.17838849701573523,0.7925335377317104,0.7963539956233541,0.7351349754948081,0.8505548207964647,0.10398415529079168,0.10322458296319542,0.071055390625,0.150574919575146,0.49349999999999994,0.49416666666666664,0.4633333333333333,0.5415833333333333,0.490429554018735,0.4230263157894737,0.3489373616883467,0.6995506718924972,9.1,9.0,8.0,10.0,5.4,5.0,4.0,7.0,6.0,6.0,5.225,6.775
วิ่งแลกแว่น | Top Charoen,chronological,matched_random,500,10,0.9667999999999999,0.966,0.9544499999999999,0.98375,0.9972,0.998,0.994,1.0,0.32045730311992304,0.3135514505460164,0.26024001998755014,0.37938439207650276,0.5876693945376387,0.5895283457452875,0.5609490740740741,0.6076142762155656,0.09187330234243832,0.09271428323408393,0.052359118852459016,0.1332143749444202,0.11419265021663735,0.11516001466904538,0.09908244133558286,0.13120539565396366,0.2285840007774847,0.2208371673119325,0.12799686212401595,0.32426400273224043,0.028584000777484696,0.020837167311932497,-0.07200313787598406,0.12426400273224042,0.8096378960595981,0.8134319463306942,0.7614227649754232,0.8443878417835898,0.11355291778315457,0.1162962042783193,0.07646255521869122,0.14211554115587677,0.4894,0.49066666666666664,0.4595166666666667,0.5116833333333333,0.2418080711025185,0.23328431436912156,0.19304916317991633,0.31611197848720257,9.6,10.0,9.0,10.0,6.8,6.0,6.0,9.55,6.0,6.0,5.225,6.775
วิ่งแลกแว่น | Top Charoen,chronological,post_affiliation_proxy,1000,10,0.4206,0.4205,0.362575,0.47695,0.4838,0.482,0.41245000000000004,0.5527000000000001,0.32853403518202723,0.3188661247511613,0.30743898488120946,0.3683189888758609,0.5857937290882516,0.5838845087055111,0.5709290839671215,0.603670269423559,0.08567223572972124,0.08510338345864661,0.05578100315955766,0.12059284892245117,0.1079842155734662,0.10740467986773883,0.09005996692241183,0.1333865840301239,0.242861799452306,0.23238423928674143,0.18771657391496271,0.31067338072669826,0.04286179945230599,0.03238423928674142,-0.01228342608503732,0.11067338072669826,0.8066148875145538,0.7990848103742997,0.7696808981055835,0.8535167782339264,0.11115290374499436,0.10607128252963235,0.08166640903751621,0.14866366994904354,0.46076666666666666,0.46216666666666667,0.43294166666666667,0.484925,0.07990954419721848,0.07714882809375251,0.0714669281019992,0.09515870642515378,11.0,11.0,10.0,12.0,4.0,4.0,3.225,4.775,5.9,6.0,5.0,6.775
วิ่งแลกแว่น | Top Charoen,chronological,post_affiliation_proxy,200,10,0.429,0.41500000000000004,0.27625000000000005,0.58875,0.5045,0.505,0.327375,0.6488750000000001,0.3126699779743951,0.31253827311696264,0.1910952380952381,0.42525641025641026,0.5945460498882722,0.5943675889328064,0.5086538461538461,0.7048095238095239,0.09278397213733267,0.09854497354497355,0.06467948717948718,0.11353987993138936,0.11857000028429195,0.11364855761855054,0.0749677186592314,0.16865800461176966,0.21988600583706247,0.22733798195242,0.08700000000000001,0.35916666666666675,0.01988600583706245,0.02733798195242,-0.11300000000000002,0.15916666666666668,0.8003743875651892,0.8070788399843141,0.7264052956698062,0.8560234467049606,0.11310190675972306,0.1125981936567948,0.07884214663643235,0.1514414096664601,0.46799999999999997,0.4716666666666667,0.4359583333333334,0.5045833333333333,0.3374215925140315,0.3136655011655012,0.2850378787878788,0.49891434561245884,10.1,10.0,8.225,11.775,3.6,3.5,3.0,4.775,5.5,5.5,5.0,6.0
วิ่งแลกแว่น | Top Charoen,chronological,post_affiliation_proxy,500,10,0.41079999999999994,0.414,0.35875,0.45065,0.4814,0.483,0.42050000000000004,0.54015,0.33829975699758685,0.336534955792544,0.25935071490620526,0.4394592476489029,0.5769069174974221,0.5704833862080481,0.5070225033587104,0.6638397154462001,0.0847933255049911,0.08560003831050665,0.05351824899238693,0.11198537899191997,0.11770619577531494,0.12379507458482342,0.04942586677331978,0.1744635726807132,0.2535064314925958,0.2433574879227053,0.17926246300933307,0.38594099865651593,0.05350643149259576,0.0433574879227053,-0.020737536990666956,0.18594099865651592,0.8046318167136283,0.8098662130248466,0.7423354746247985,0.8431130837911089,0.11220385617937427,0.11265589648385207,0.07672643789471431,0.1397606655374945,0.46299999999999997,0.45866666666666667,0.43566666666666665,0.4939166666666666,0.15384578800770274,0.15552227944469324,0.1302252045416597,0.17778943988936086,10.2,10.0,9.225000000000001,11.0,3.8,4.0,3.0,4.0,6.0,6.0,5.225,6.775
วิ่งแลกแว่น | Top Charoen,interest,matched_random,1000,10,0.9638,0.9655,0.9499,0.971,0.9957,0.996,0.99245,0.99855,0.3616699539846918,0.3777202539923905,0.2909743112426708,0.3981900582737909,0.5676357714661213,0.5569078725280802,0.5410868261716841,0.6261156269671004,0.07069427454918684,0.06850610669096847,0.04556735101217028,0.11655313083437907,0.12206001510374657,0.1326369012451634,0.07355387438655467,0.14057755919678003,0.290975679435505,0.30467274263887056,0.18329430083643408,0.34683316168898043,0.09097567943550497,0.10467274263887053,-0.016705699163565933,0.14683316168898042,0.7925960788052626,0.7911092247887803,0.7464378203337803,0.8510200371542556,0.10025722805096042,0.09753104587016231,0.06696125949529756,0.1467078547404573,0.4681,0.47050000000000003,0.44148333333333334,0.49195833333333333,0.1316395312770885,0.13499107686833123,0.09691707868433536,0.15775085498956765,7.6,8.0,7.0,8.0,10.0,10.0,8.225,11.775,6.1,6.0,6.0,6.775
วิ่งแลกแว่น | Top Charoen,interest,matched_random,200,10,0.967,0.965,0.9522499999999999,0.9788749999999999,0.9984999999999999,1.0,0.9950000000000001,1.0,0.34315011025796704,0.3529565672422815,0.24038252848616384,0.4255978477481068,0.5754813864669742,0.5656656444961403,0.5043515220207254,0.6758740184819187,0.08136850327505872,0.07772020725388601,0.04112129666533812,0.15384237796563952,0.1254839235033679,0.14059764366106398,0.03742048405566896,0.1718180178830007,0.2617816069829083,0.2762951334379906,0.0868346059449141,0.36892586687923473,0.061781606982908285,0.07629513343799058,-0.11316539405508592,0.16892586687923472,0.7936481293742927,0.7999130013016439,0.7183262496205484,0.8604728108372122,0.10524628446190036,0.11055330344438777,0.06358028099748383,0.15561451750779087,0.47433333333333333,0.48583333333333334,0.39383333333333337,0.509625,0.4667902897021639,0.4626488969606325,0.32580756152849744,0.635984156820623,6.7,6.5,6.0,8.0,8.0,8.0,7.0,10.55,5.7,6.0,5.0,6.0
วิ่งแลกแว่น | Top Charoen,interest,matched_random,500,10,0.9676,0.968,0.95735,0.9755499999999999,0.9970000000000001,0.997,0.994,1.0,0.3267829252697222,0.33781990154892916,0.20863163911175092,0.39337040031484477,0.5891270546593493,0.5767659680703159,0.5425356709168185,0.6411066068291031,0.08409002007092847,0.07061639994823793,0.04559543386387649,0.15026175405914607,0.1163108917651154,0.119418178924138,0.06992595529551339,0.15744952203401566,0.24269290519879366,0.2559319776981692,0.05836988505260484,0.33716697466697465,0.04269290519879366,0.05593197769816924,-0.1416301149473952,0.13716697466697467,0.7940861078657038,0.7957567412033716,0.7479434609042398,0.8395017434202718,0.10301925311082334,0.10346358176142412,0.06750018042570073,0.1364875974970418,0.4676,0.4653333333333334,0.4406,0.49243333333333333,0.24314466895796621,0.24099741207415892,0.17656703169782267,0.3040200498973466,7.7,8.0,6.2250000000000005,9.0,10.0,9.0,8.0,15.100000000000001,5.8,6.0,5.0,6.0
วิ่งแลกแว่น | Top Charoen,interest,post_affiliation_proxy,1000,10,0.4147,0.417,0.37502500000000005,0.455175,0.48179999999999995,0.481,0.432825,0.5460750000000001,0.33792769281880497,0.34160481518407737,0.28068569018220063,0.3766095253114651,0.5843200279988019,0.5932506110171085,0.5409802870209747,0.6252706640449173,0.07775227918239311,0.07763281583819968,0.0593772424057193,0.09948588301030972,0.10621259433074526,0.09579061184588389,0.07967917804021771,0.1400324976788768,0.26017541363641183,0.26971358176778565,0.1850133664939248,0.29794212269358145,0.06017541363641182,0.06971358176778564,-0.014986633506075198,0.09794212269358145,0.7971954951226036,0.7956330384189114,0.7646478231390802,0.8353437163241588,0.10461352644175706,0.10548081521981773,0.08127895285392765,0.1328971968583638,0.4418666666666667,0.4405,0.427875,0.46531666666666666,0.07685395616899302,0.07674567069067653,0.07070847895872821,0.0831955776437133,8.6,9.0,7.225,9.775,6.0,6.0,6.0,6.0,5.9,6.0,5.225,6.0
วิ่งแลกแว่น | Top Charoen,interest,post_affiliation_proxy,200,10,0.4225,0.4625,0.28287500000000004,0.516625,0.49800000000000005,0.545,0.33125000000000004,0.619375,0.3504216765472303,0.3317972350230415,0.1959000900090009,0.5190797101449276,0.5612999286566143,0.5563492063492064,0.45170652173913045,0.6786609709358034,0.08827839479615548,0.08090062111801243,0.029213768115942028,0.1578708111195735,0.14863674491601658,0.13955504895196824,0.07505540139809418,0.23694194074225303,0.2621432817510748,0.2566820276497696,0.053308263518659554,0.4898659420289856,0.06214328175107479,0.056682027649769595,-0.14669173648134046,0.2898659420289856,0.7984776943357517,0.8036243263844558,0.7286358215955907,0.8903421886114868,0.11001721114337215,0.10786247002360311,0.05676865784499055,0.18436706257029686,0.449,0.46166666666666667,0.3927083333333334,0.47295833333333337,0.33807209704063046,0.32763115021179534,0.2823225806451613,0.4157246376811594,7.4,7.5,6.2250000000000005,8.0,5.9,6.0,5.225,6.0,5.8,6.0,4.225,7.0
วิ่งแลกแว่น | Top Charoen,interest,post_affiliation_proxy,500,10,0.41200000000000003,0.402,0.36825,0.48059999999999997,0.48260000000000003,0.482,0.41719999999999996,0.55415,0.3372371283158434,0.3472949389179756,0.23992335924006908,0.4695020614883437,0.5725691393371262,0.5769285359449294,0.4770343656009803,0.6331018518518519,0.0901937323470304,0.08621506905392887,0.04878937551809892,0.1448718298336515,0.1311598052704732,0.1274565220049413,0.08599022645286614,0.20261118680686394,0.24704339596881303,0.248734190851701,0.09743091537132988,0.417588071154517,0.047043395968813,0.04873419085170101,-0.10256908462867015,0.21758807115451698,0.8069786012574683,0.8000731582060598,0.7638966483157037,0.8560259647815973,0.11344732063924634,0.10807957411428643,0.07753141790563654,0.15183050319687097,0.44233333333333336,0.44033333333333335,0.41741666666666666,0.4653333333333333,0.1484772866022273,0.15120173364854217,0.12193997371426109,0.17421394395078604,9.0,9.0,8.0,10.0,6.0,6.0,6.0,6.0,5.8,6.0,5.0,6.775
วิ่งแลกแว่น | Top Charoen,popularity,matched_random,1000,10,0.9642,0.9675,0.9508,0.9738749999999999,0.9955999999999999,0.9955,0.993,0.998775,0.3893127815217595,0.39584935897435897,0.29253971929324596,0.4411806679730766,0.5422114190605148,0.5321699512608604,0.5083299133929583,0.5995151084710744,0.0684757994177257,0.06541622760800843,0.03974216597796143,0.1101177329723568,0.14682070255215268,0.15340515427946005,0.11023225852572485,0.17328914299291603,0.32083698210403383,0.3307772435897436,0.18242198632088918,0.39773078725398314,0.12083698210403382,0.13077724358974357,-0.01757801367911085,0.19773078725398308,0.7954468924280301,0.8036855609686877,0.7400444670954797,0.8392317345261953,0.10250020910841665,0.10835030799802947,0.0613583787460205,0.13756696381410854,0.4530666666666667,0.45016666666666666,0.436575,0.4696583333333333,0.1417659071028129,0.13732449173232125,0.10147210743801653,0.20433955054907732,8.2,8.0,7.0,9.775,10.3,10.0,9.0,11.775,6.0,6.0,6.0,6.0
วิ่งแลกแว่น | Top Charoen,popularity,matched_random,200,10,0.9674999999999999,0.97,0.9472499999999999,0.98275,0.9974999999999999,1.0,0.991125,1.0,0.2881221726424835,0.2831836522191852,0.12320512820512822,0.4504464285714285,0.6171162192328422,0.625991795757543,0.5155257936507937,0.7144270420301349,0.0947616081246742,0.071615469150662,0.00816062176165803,0.21935897435897436,0.13591921492552037,0.12046882130295668,0.05282902438890904,0.24159546154576936,0.19336056451780934,0.20662501626968632,-0.09333333333333334,0.43564874784110535,-0.006639435482190675,0.006625016269686312,-0.29333333333333333,0.23564874784110537,0.7558078370903553,0.7613465911083479,0.6389215044844924,0.8339433786290116,0.08425091195186371,0.08680840737766471,0.012854036349969126,0.13617350699167619,0.4301666666666667,0.44333333333333336,0.3681666666666667,0.477375,0.41663473800622386,0.41775759559264714,0.3240752310295457,0.5342407852564103,7.2,7.0,6.0,8.0,8.4,8.0,7.225,10.55,5.8,6.0,5.0,6.0
วิ่งแลกแว่น | Top Charoen,popularity,matched_random,500,10,0.9693999999999999,0.97,0.9620000000000001,0.97755,0.9964000000000001,0.996,0.994,0.9995499999999999,0.343733336974322,0.3171565174702781,0.2329986699551917,0.4701191576191576,0.5643731390745479,0.5694808520895478,0.4782301532301533,0.6452378831076265,0.09189352395113015,0.08567850113743833,0.04384776132198813,0.19816811856689162,0.1366403040855684,0.12930443275363002,0.05326286116924488,0.21753962961682888,0.2518398130231919,0.2296185045650477,0.037268344323559056,0.4184684684684685,0.05183981302319187,0.029618504565047693,-0.16273165567644096,0.2184684684684685,0.807438060361096,0.8185595122988105,0.733536694318121,0.8877213127673799,0.11526985162444928,0.12026336359991162,0.06600825283778142,0.18088863287092294,0.4574,0.4573333333333333,0.4189166666666667,0.4846666666666667,0.23583769499043328,0.22463960211063141,0.16133697800364466,0.3911592505854802,7.4,7.0,7.0,8.0,10.8,10.0,9.0,15.100000000000001,5.8,6.0,5.0,6.0
วิ่งแลกแว่น | Top Charoen,popularity,post_affiliation_proxy,1000,10,0.42519999999999997,0.424,0.378575,0.491525,0.4888,0.479,0.43022499999999997,0.56565,0.37911919665332283,0.38709139592291764,0.3199116115196079,0.42988010807159743,0.5402047240576857,0.5313890914577414,0.4912144537643208,0.613656505581344,0.08067607928899148,0.08067495525502244,0.06319159836065574,0.11003376394597769,0.14137271998115147,0.14802546375069126,0.07728135225614426,0.18261201531185875,0.2984431173643314,0.29967062857297133,0.24830652573529416,0.36004658926702876,0.09844311736433138,0.09967062857297129,0.04830652573529412,0.1600465892670287,0.8177869034379455,0.8215608604068778,0.7636198430797397,0.8706172637562184,0.1226095963520164,0.12141277376155821,0.08194794180063389,0.17199827936969372,0.4213,0.41800000000000004,0.3924083333333333,0.4487833333333333,0.07639321423598258,0.07718194254445965,0.06601039167907158,0.08382633587786259,8.7,8.5,8.0,10.0,6.0,6.0,6.0,6.0,6.0,6.0,6.0,6.0
วิ่งแลกแว่น | Top Charoen,popularity,post_affiliation_proxy,200,10,0.4215,0.435,0.295,0.536625,0.49400000000000005,0.5125,0.351125,0.615,0.3229185042258612,0.3356643356643357,0.12068850267379679,0.5113700564971752,0.5510649067411919,0.5773512794948488,0.3574675324675325,0.726803646934461,0.12601658903294694,0.09596217735752618,0.02197897049591965,0.27767857142857144,0.19043856632583164,0.18191789899588623,0.07560870407920528,0.32979566144387773,0.19690191519291428,0.16834909276769744,-0.09643812070282659,0.48093220338983056,-0.0030980848070857143,-0.03165090723230257,-0.2964381207028266,0.2809322033898305,0.8016523807899629,0.7629024478247239,0.676450888103707,0.9870877941255196,0.1443876417338171,0.0925738873158782,0.038470637586206766,0.3975064935064935,0.4253333333333333,0.42833333333333334,0.3537083333333333,0.4745416666666667,0.32542095834688983,0.2924076607387141,0.27541208791208793,0.43855932203389836,7.2,7.0,6.0,8.775,6.0,6.0,6.0,6.0,5.7,6.0,4.0,7.0
วิ่งแลกแว่น | Top Charoen,popularity,post_affiliation_proxy,500,10,0.4184,0.422,0.384,0.45770000000000005,0.487,0.481,0.43489999999999995,0.54085,0.35269549795690835,0.3411742846525455,0.23855763090676885,0.49496260367298583,0.5494767198814154,0.5709935897435898,0.46184340442338073,0.6113099700149924,0.09782778216167629,0.10266750728292534,0.02882237791057078,0.16087962962962965,0.15167093502256848,0.14160114452688274,0.08739536987220686,0.2257139268753972,0.25486771579523204,0.26587776448167355,0.0776780012771392,0.4603487855450238,0.05486771579523203,0.06587776448167351,-0.12232199872286081,0.2603487855450237,0.8217378802626623,0.8421317071458798,0.7179649200200157,0.8712151436919063,0.1280432291650726,0.13925595488595238,0.048369194459518906,0.17543815293537743,0.43033333333333335,0.42533333333333334,0.41208333333333336,0.4576,0.15839878953181274,0.15703606530068298,0.13864189747380323,0.186328125,8.8,8.5,8.0,10.775,6.0,6.0,6.0,6.0,6.1,6.0,6.0,6.775
ไทยช่วยไทยพลัส,chronological,matched_random,1000,10,0.969,0.9684999999999999,0.96045,0.98065,0.9965999999999999,0.997,0.9942249999999999,0.998,0.544440505105255,0.5499786523748429,0.4808380803724683,0.6002734251985258,0.34078111675683914,0.3432377416032536,0.30907444506387727,0.3745265029608651,0.11477837813790585,0.11105437113069797,0.08888617949583566,0.14799562306900102,0.09079855949270607,0.08816555088740087,0.08163401382349308,0.11119083593483597,0.4296621269673492,0.44117628088672556,0.33284245730346723,0.5096212954609288,0.05466212696734907,0.06617628088672547,-0.04215754269653284,0.13462129546092882,0.8584643651848918,0.8546773006559835,0.8067354208564378,0.9126470425216907,0.2474665756201667,0.24769957757722616,0.21080841143292744,0.2846303341940741,0.5282029741853891,0.5241065664997218,0.5033711591391057,0.5679325959933222,0.14627652616108264,0.1402284692937607,0.10599373862247558,0.19368799987100102,10.3,10.0,10.0,11.0,7.6,7.0,6.0,9.775,5.7,6.0,5.0,6.0
ไทยช่วยไทยพลัส,chronological,matched_random,200,10,0.9724999999999999,0.975,0.9495,0.988875,0.9955,0.9975,0.986125,1.0,0.5444340991967304,0.5510347520499805,0.4814289265714137,0.611923076923077,0.3448958743043591,0.3358974358974359,0.3103592346739555,0.4037316166849846,0.11067002649891053,0.10944055944055944,0.06835591869270626,0.1597588891630342,0.10085562214434722,0.1075637860457445,0.04548278943196233,0.1445346499470749,0.4337640726978198,0.42612260835611093,0.34240685911670365,0.5401282051282053,0.05876407269781978,0.05112260835611085,-0.03259314088329639,0.16512820512820514,0.849523920814482,0.8612564754399197,0.7770066804385363,0.9142894542705029,0.23650787759552286,0.2279028767140655,0.15994295355373506,0.32839630864798486,0.5323341708542714,0.5475,0.45204041038525966,0.5785,0.45952966405637297,0.4428515928515928,0.3251175767237943,0.6019111199681147,8.9,9.0,7.225,10.0,6.5,6.5,4.225,8.775,5.6,6.0,5.0,6.0
ไทยช่วยไทยพลัส,chronological,matched_random,500,10,0.97,0.973,0.9584499999999999,0.9795499999999999,0.9958,0.996,0.99245,0.998,0.5346379944496655,0.5261449321708689,0.4946650491055544,0.6038657407407407,0.3566760270943221,0.3600833238069835,0.32048575680272107,0.3872168053379552,0.10868597845601238,0.11259690734610066,0.06677790637860083,0.13544651771936878,0.10397241190414228,0.10153041108036764,0.08212409643522105,0.14599667084819606,0.4259520159936532,0.4126542210558604,0.36652705558941373,0.5297743055555556,0.05095201599365309,0.03765422105586036,-0.00847294441058632,0.1547743055555555,0.8551802074717874,0.8659462067384667,0.7799665880374876,0.8962042381406707,0.2295393692812616,0.23433648672778212,0.15856665359489577,0.27195905097313966,0.5453717085924905,0.5433333333333333,0.5048311914323962,0.5793597194388778,0.2714480559076775,0.2538343558282209,0.20676130395881692,0.39037812338918887,9.2,9.0,9.0,10.0,6.6,6.5,6.0,7.775,5.8,6.0,5.0,6.0
ไทยช่วยไทยพลัส,chronological,post_affiliation_proxy,1000,10,0.43099999999999994,0.4315,0.394525,0.45,0.5031,0.505,0.4521,0.5291,0.5453815883327051,0.5488699444885012,0.45769912131519275,0.5950162586558387,0.33089343762241313,0.3322222222222222,0.30211910097214967,0.37320100534386247,0.12372497404488177,0.1183002051966674,0.10189242275440055,0.1734853316326531,0.08105091714214471,0.08284759835740974,0.06193633883044863,0.10201941505582658,0.4216566142878234,0.43211256097854034,0.2842137896825397,0.49215161828382725,0.04665661428782333,0.05711256097854028,-0.09078621031746038,0.11715161828382722,0.8653399079300417,0.8603948952637499,0.8232092183967885,0.9343262881244097,0.2662381005878859,0.2647340314798521,0.23310980413939267,0.31480088049250315,0.5598662088417983,0.5582451121126691,0.5327453571583902,0.58905,0.0770175223868314,0.07730147999710278,0.07064732142857143,0.08155439005439005,11.0,11.0,10.0,12.0,4.1,4.0,4.0,4.775,6.1,6.0,5.225,7.0
ไทยช่วยไทยพลัส,chronological,post_affiliation_proxy,200,10,0.4385,0.4525,0.32675000000000004,0.51275,0.5015,0.515,0.356125,0.5938749999999999,0.5411039887930332,0.5308979173779447,0.43985562310030396,0.6400394417475729,0.3432827098184061,0.3416666666666667,0.2774107142857143,0.40968688308839657,0.11561330138856063,0.10319148936170214,0.05168385922330097,0.2550492610837439,0.12138584140972246,0.11921235981753053,0.06651181751641747,0.16956085227284073,0.42549068740447266,0.41572164948453616,0.19347290640394088,0.5855430825242719,0.0504906874044726,0.04072164948453608,-0.18152709359605917,0.21054308252427184,0.8437622203974888,0.8567712083340822,0.7310808666257946,0.9641699714046973,0.23673247382402432,0.2215625,0.13158381150438309,0.44915188429711955,0.560213567839196,0.58,0.5067935510887772,0.595,0.33125183309946343,0.33485136622960665,0.2773617021276596,0.41269841269841273,9.7,9.5,9.0,11.0,3.2,3.0,3.0,4.0,5.5,5.5,5.0,6.0
ไทยช่วยไทยพลัส,chronological,post_affiliation_proxy,500,10,0.41340000000000005,0.403,0.33855,0.5112,0.48339999999999994,0.46299999999999997,0.37795,0.6115,0.5284188573892137,0.5177224736048266,0.46648550724637683,0.5979113924050633,0.36338529248544693,0.3656871313087175,0.32306165099268547,0.41064602446483184,0.10819585012533936,0.11390053551413509,0.060974174670822466,0.15231394719307012,0.11103145301887303,0.11283984320279428,0.05104878518097117,0.15815678510028378,0.4202230072638743,0.3949849170437406,0.3390398550724637,0.5273916378979671,0.045223007263874265,0.019984917043740585,-0.035960144927536304,0.15239163789796695,0.853769721527868,0.873556975987468,0.7765584549366016,0.9043218995875947,0.22442831912243108,0.22821013242431895,0.14167602883466957,0.3156429406426149,0.554161142525657,0.5573333333333333,0.504806358768407,0.5765166666666667,0.1455340201977847,0.14810415714938327,0.12174153748813668,0.16807065217391304,10.5,10.0,9.225000000000001,12.0,4.0,4.0,3.0,5.0,6.0,6.0,5.0,7.0
ไทยช่วยไทยพลัส,interest,matched_random,1000,10,0.9715,0.972,0.96445,0.978775,0.9968,0.9964999999999999,0.9950000000000001,0.999,0.5553937274705489,0.5746595392643503,0.4781955911019379,0.5914180289347001,0.3631726360813202,0.35639367356086316,0.3404609190111687,0.4073975334123253,0.0814336364481309,0.07239915301364588,0.057928939780766936,0.12492938864299981,0.13720821116798212,0.14218769883615817,0.10607823176782488,0.16148346409468195,0.473960091022418,0.49948559670781895,0.3537051370255705,0.5334890891539331,0.09896009102241796,0.12448559670781889,-0.021294862974429587,0.15848908915393312,0.8134494706379488,0.8008928311893551,0.7674076339043753,0.8903706978367598,0.17752215421789036,0.16359696287679276,0.13703110134534388,0.24312586729550564,0.49478427617315573,0.48747913188647746,0.4748701790271072,0.5365916666666666,0.1520116127644498,0.15486351916066504,0.11014916644598292,0.20129764100199787,7.9,8.0,7.0,9.0,9.4,9.5,8.0,11.55,6.0,6.0,6.0,6.0
ไทยช่วยไทยพลัส,interest,matched_random,200,10,0.969,0.97,0.9472499999999999,0.983875,0.9949999999999999,0.9975,0.986125,1.0,0.5518067042783389,0.5732223103357124,0.468689138091785,0.6106757198952879,0.37017235993737707,0.3598598995506212,0.3261880275670478,0.4363915363099554,0.07802093578428412,0.06712789827973073,0.040578244779275706,0.1348214285714286,0.14791447350991294,0.1508437572241853,0.07913958347900668,0.19768337672939407,0.4737857684940547,0.5127551020408163,0.3692116440484824,0.552921868707209,0.09878576849405467,0.1377551020408163,-0.005788355951517701,0.17792186870720902,0.8054778952923606,0.7822308746518032,0.7349218576151202,0.8911350613827749,0.16779949427673949,0.16224854217415624,0.09403684653208433,0.2753840028074722,0.48046901172529316,0.4825,0.433501256281407,0.5279166666666666,0.4118927424171431,0.4179728592467915,0.3130416295986185,0.5142804544498212,6.9,6.5,6.0,8.0,7.5,8.0,6.0,9.0,5.8,6.0,5.0,6.775
ไทยช่วยไทยพลัส,interest,matched_random,500,10,0.9692000000000001,0.968,0.9584499999999999,0.98265,0.9970000000000001,0.997,0.9929,1.0,0.5300392146328128,0.5051824354446006,0.4606214825330832,0.6382590520492833,0.3778422357010348,0.37953670431211495,0.3143907088693874,0.4359616099646775,0.0921185496661524,0.10484375264074093,0.04532457463749895,0.12461541574718618,0.1363252302651017,0.12937259289502392,0.09566043744531225,0.18346807066440113,0.4379206649666603,0.3881939919755838,0.35622136699378104,0.5914454991199397,0.0629206649666603,0.013193991975583769,-0.018778633006219018,0.21644549911993968,0.8321482603197469,0.868662062053019,0.7215259344907877,0.8865681679482522,0.1894341308788901,0.19869537433880502,0.11083465080177271,0.2489490893401093,0.5065729944189015,0.5113576093100359,0.43616974564926375,0.5446833333333333,0.22811206417628363,0.21243556701030927,0.17217393978990955,0.36676134148771217,7.7,8.0,7.0,8.775,9.1,9.0,7.0,11.775,5.9,6.0,5.0,6.775
ไทยช่วยไทยพลัส,interest,post_affiliation_proxy,1000,10,0.4298,0.433,0.38417500000000004,0.48145,0.4993,0.502,0.44532499999999997,0.54995,0.5519840008104775,0.5412428350468566,0.46162145345943256,0.6309924450549451,0.3559535459365713,0.3587300376360492,0.3076493818681319,0.3976634268483119,0.09206245325295125,0.09267238744850685,0.05363872518610422,0.14516581632653064,0.12657176219400584,0.11620912890879423,0.0841590734608419,0.1683648645564699,0.4599215475575262,0.45883601734752677,0.3196360695054075,0.576512927596597,0.08492154755752618,0.08383601734752669,-0.05536393049459257,0.20151292759659686,0.8254358009951227,0.8323939514800325,0.7387626814561197,0.911062193073059,0.19756625054817936,0.20384362364731523,0.13129671532496276,0.26887573320144387,0.5404105730709102,0.5393219382560335,0.5176043405676127,0.5666924318308292,0.08228489832227534,0.0787483433240519,0.0722819216182048,0.1031482635960248,9.0,9.0,8.0,10.55,6.0,6.0,6.0,6.0,6.0,6.0,6.0,6.0
ไทยช่วยไทยพลัส,interest,post_affiliation_proxy,200,10,0.438,0.4425,0.35225,0.518875,0.4925,0.5025,0.3645,0.5838749999999999,0.5189356684104471,0.5267210144927537,0.386741504854369,0.688600113122172,0.38418102851390434,0.4082298136645963,0.25350586913086914,0.4730885922330097,0.0968833030756486,0.07898343803540833,0.03420329670329671,0.18993863049095608,0.15391602032781965,0.16181962658507854,0.05141870961986582,0.2211870801408356,0.42205236533479845,0.4369588744588745,0.20272125322997414,0.6429100678733033,0.04705236533479842,0.06195887445887441,-0.17227874677002591,0.2679100678733032,0.8246976173404414,0.8224246020029982,0.662112077858332,0.9512043720781387,0.1884626832280719,0.15603767904837604,0.07999260355029586,0.3184969612015119,0.5450209380234506,0.550536013400335,0.4728475711892798,0.6005416666666666,0.3242843614139534,0.301173139158576,0.2686310782241015,0.43123015873015874,8.3,8.0,7.225,9.0,5.7,6.0,4.225,6.0,5.8,5.5,5.0,7.0
ไทยช่วยไทยพลัส,interest,post_affiliation_proxy,500,10,0.422,0.42,0.3347,0.51465,0.49000000000000005,0.496,0.38645,0.59505,0.5429341828728605,0.5551305589555284,0.42238018006090294,0.6205899452804378,0.366765244420885,0.36481959996171887,0.3255107159142727,0.42498266296809983,0.09030057270625444,0.08116323382633155,0.05135190918472653,0.15737455315768567,0.13908576521607613,0.14149754454711433,0.09525893269169106,0.17987792550125684,0.4526336101666061,0.4816779852857952,0.2650056269032173,0.5666906064751481,0.07763361016660605,0.10667798528579511,-0.10999437309678281,0.19169060647514813,0.8222747608629177,0.8083259376192169,0.745075525803859,0.927165972653376,0.18776708805577608,0.17584274055549404,0.1180595967244646,0.2728426761315233,0.5393582013435655,0.5405390781563126,0.4921314591700134,0.5687090301003345,0.15279245972958233,0.14891222805701426,0.1361292665214234,0.17976616406848964,8.7,9.0,8.0,9.775,6.0,6.0,6.0,6.0,5.6,6.0,5.0,6.0
ไทยช่วยไทยพลัส,popularity,matched_random,1000,10,0.97,0.9704999999999999,0.964225,0.9755499999999999,0.9968,0.997,0.9942249999999999,0.999,0.5612517920677009,0.5601951250651658,0.49738001709031077,0.6426757713063843,0.376495357421841,0.3759104595120809,0.3169560185185185,0.43333439616360786,0.06225285051045808,0.06268748785289968,0.03710877838305671,0.08669395511365684,0.1684018242144647,0.17043482581943753,0.14241990985297412,0.19787626432280558,0.49899894155724284,0.4963007096424126,0.4218126838836221,0.6055669929233276,0.12399894155724281,0.12130070964241255,0.04681268388362206,0.23056699292332752,0.7808232391023483,0.7860267807678756,0.7012626320820116,0.8388210051711819,0.13645777772886264,0.13764193261200447,0.09524151028268546,0.17692591863990256,0.4605758539154364,0.4581094728562731,0.41919247294038614,0.5007045758183033,0.14556259640577185,0.14277955624710378,0.10951710342833822,0.1799279459973766,7.3,7.0,7.0,8.0,10.8,11.0,10.0,12.55,5.9,6.0,5.225,6.0
ไทยช่วยไทยพลัส,popularity,matched_random,200,10,0.9675,0.97,0.9361250000000001,0.988875,0.9949999999999999,0.995,0.986125,1.0,0.5787742856409921,0.5744843391902215,0.3998505462791177,0.711462069881759,0.3621845820214734,0.3905775075987842,0.26400292281121296,0.4346850861556744,0.05904113233753437,0.038161711385061636,0.02072538860103627,0.16731215213358075,0.19554702074767835,0.20609937176162738,0.12307656021531029,0.2401884720792547,0.5197331533034578,0.5282738095238095,0.232538394145537,0.6869270625747309,0.14473315330345776,0.15327380952380948,-0.14246160585446305,0.3119270625747309,0.74682835043194,0.740820212573947,0.6227954631275008,0.9306499788182596,0.11939104157510808,0.08616663187215673,0.05115081349544083,0.26238042076897106,0.45339279731993304,0.4691666666666667,0.37677051926298155,0.5258750000000001,0.40468036835570265,0.4035508142651,0.30722959844559583,0.5473693411374703,6.6,6.0,6.0,8.0,8.9,9.0,5.675,11.0,5.8,6.0,5.0,6.775
ไทยช่วยไทยพลัส,popularity,matched_random,500,10,0.9702,0.972,0.95335,0.98265,0.9964000000000001,0.997,0.992,0.9995499999999999,0.5275049861219102,0.5249009107137454,0.3771698448719686,0.6817470280795245,0.3985447969070995,0.3971135517836072,0.29094076655052264,0.4985918236011381,0.07395021697099033,0.0692215747796205,0.02731220536995286,0.1412909836065574,0.18070847114219118,0.18778032117537685,0.14605452993858542,0.22114308549036482,0.45355476915091986,0.4577567479094129,0.23938829426906924,0.6544348227095715,0.07855476915091983,0.08275674790941284,-0.13561170573093084,0.27943482270957154,0.7941867723131628,0.8000490242824497,0.6536942497161309,0.906665942815611,0.1427578423444012,0.15471588643782308,0.07426780428026619,0.2162716675624832,0.462289330260006,0.46266666666666667,0.3887264390896922,0.5117451903807615,0.2233959483125168,0.21228819396611104,0.15880761693788872,0.3025322699730129,7.3,7.0,6.2250000000000005,8.0,9.8,9.5,8.0,12.0,6.1,6.0,6.0,6.775
ไทยช่วยไทยพลัส,popularity,post_affiliation_proxy,1000,10,0.42489999999999994,0.4265,0.40122500000000005,0.45562500000000006,0.4937,0.4965,0.45615000000000006,0.529325,0.5202922527944864,0.5330029727363428,0.43076054713249834,0.5773849642660803,0.3729576186596093,0.36509001753820824,0.3305395537525355,0.4294583662794234,0.10675012854590427,0.0944403696640751,0.07428645868352048,0.15171608175339518,0.11841138607850468,0.1163173220830725,0.08772895028979302,0.14549317131312314,0.41354212424858217,0.4373332926109177,0.2904474291364535,0.4983695711929632,0.03854212424858214,0.062333292610917634,-0.08455257086354655,0.12336957119296314,0.8554535325558487,0.8441734633148975,0.8013371193458303,0.9194290646157056,0.21769275829465795,0.21229960002702522,0.1674955236265176,0.2842282293311235,0.521355270142179,0.5201134668402538,0.5010350584307179,0.5434399972175848,0.07971809526348769,0.08045619579103072,0.07244192722133899,0.08523584331853294,8.9,9.0,8.0,10.0,6.0,6.0,6.0,6.0,6.0,6.0,6.0,6.0
ไทยช่วยไทยพลัส,popularity,post_affiliation_proxy,200,10,0.446,0.4575,0.326125,0.55825,0.5065000000000001,0.53,0.36224999999999996,0.619375,0.5548880410101806,0.5552287581699347,0.3517948717948718,0.7387312877346788,0.3721232471327643,0.3996732026143791,0.20954961224895605,0.5150171065493646,0.07298871185705509,0.06137071651090342,0.01901093180635086,0.14991258741258742,0.18734128320978183,0.18561138758745763,0.09312097144912493,0.2449508391554273,0.4818993291531255,0.49187828872111644,0.211497668997669,0.6912910429244893,0.10689932915312547,0.11687828872111639,-0.16350233100233105,0.3162910429244892,0.7683269469691569,0.7737503127641103,0.6162246410601587,0.9160403262744166,0.14803497285503442,0.14458031996493537,0.05130082290018456,0.2852083193819796,0.5075033500837521,0.5137897822445561,0.4287916666666667,0.5840416666666667,0.3240612067041768,0.30810147299509005,0.2753693096171239,0.40374125874125877,7.9,7.5,7.0,10.55,6.0,6.0,6.0,6.0,5.7,6.0,5.0,6.775
ไทยช่วยไทยพลัส,popularity,post_affiliation_proxy,500,10,0.4114,0.41600000000000004,0.3214,0.5252,0.48180000000000006,0.485,0.38670000000000004,0.6025,0.5337331972954906,0.5336326979472141,0.37337209302325586,0.6563618998745582,0.3757741329028557,0.3650764558022622,0.25691479312299265,0.52234496124031,0.09049266980165369,0.10331407478735355,0.027400863978732832,0.1345280437756498,0.15302396244031863,0.13030499132073312,0.10111426577868508,0.23037452213963616,0.4432405274938369,0.4323418516966904,0.2633333333333333,0.6252141485748043,0.06824052749383688,0.05734185169669037,-0.11166666666666673,0.2502141485748043,0.8141481545699643,0.8437525245702253,0.6749474508309696,0.9046422082240769,0.18416400822753473,0.19896839591424792,0.07150288789592196,0.2734924727593895,0.5113327916707457,0.517,0.46280676037483265,0.5539227424749164,0.1560308746593399,0.15762175838077166,0.12629252386715073,0.1902465520498772,8.2,8.0,7.0,9.775,6.0,6.0,6.0,6.0,5.7,6.0,5.0,6.775
