campaign,seed,action_rate_delta,reach_rate_delta,positive_share_delta,neutral_share_delta,negative_share_delta,js_distance_to_calibration_target_delta,sentiment_mean_delta,sentiment_shift_delta,normalized_entropy_delta,polarization_index_delta,cross_sentiment_edge_share_delta,largest_cascade_share_delta,cascade_depth_delta,cascade_breadth_delta,time_to_50pct_delta
KFC Bucket Ware,1,0.045999999999999985,0.014000000000000012,0.17682015385176275,-0.16294797477122752,-0.013872179080535198,0.17568853247924743,0.19069233293229804,0.19069233293229804,-0.2798750555306113,-0.036937407437451046,-0.09303882195448465,0.0024244412847715946,1,0,0
KFC Bucket Ware,2,0.08000000000000002,0.08000000000000002,0.22558366947805886,-0.21201564600904532,-0.013568023469013566,0.15205838402012142,0.2391516929470724,0.2391516929470724,-0.2778082961297485,-0.030039327935564207,-0.08926174496644296,-0.010695513995844008,3,0,1
KFC Bucket Ware,3,-0.009999999999999953,-0.020000000000000018,0.21692661189249407,-0.1712853363041359,-0.04564127558835816,0.172243751081902,0.26256788748085225,0.26256788748085225,-0.3286737696474652,-0.09183894156160011,-0.06425702811244982,-0.05396184375435176,1,0,0
KFC Bucket Ware,4,0.03600000000000003,0.01599999999999996,0.14228934817170114,-0.12758346581875996,-0.014705882352941176,0.15669433142706055,0.15699523052464226,0.15699523052464226,-0.24752810704933326,-0.04382929642445214,-0.05733333333333335,-0.03643349231584525,2,0,-2
KFC Bucket Ware,5,0.021999999999999964,0.03200000000000003,0.142097009073597,-0.12861730331204957,-0.013479705761547365,0.15431582820193993,0.15557671483514446,0.15557671483514446,-0.24845845078093898,-0.038398723822680045,-0.07981220657276994,0.0062917740188939975,2,0,-1
KFC Bucket Ware,6,0.014000000000000012,0.007999999999999952,0.13928346951602766,-0.12067881835323696,-0.018604651162790697,0.15468401736779974,0.1578881206788183,0.1578881206788183,-0.23629819643732014,-0.053996755002704164,-0.07491638795986622,-0.010077519379844968,-1,0,0
KFC Bucket Ware,7,0.06,0.03199999999999997,0.20405138339920958,-0.18351214003387917,-0.020539243365330324,0.19780767414179617,0.2245906267645399,0.2245906267645399,-0.30815177061641713,-0.05158021862996945,-0.10220440881763526,-0.03176171654432525,0,0,0
KFC Bucket Ware,8,0.010000000000000009,-0.006000000000000005,0.06804833973345381,-0.04611851517205029,-0.021929824561403508,0.09893363326336335,0.08997816429485728,0.08997816429485728,-0.17424107852510873,-0.07271468144044321,-0.05153949129852742,-0.029704088547549107,-3,0,0
KFC Bucket Ware,9,0.0,-0.010000000000000009,0.12432432432432428,-0.0972972972972973,-0.02702702702702703,0.15832091201682916,0.15135135135135125,0.15135135135135125,-0.2658128405701888,-0.08414901387874361,-0.05083612040133778,0.010810810810810811,-2,0,0
KFC Bucket Ware,10,-0.0019999999999999463,-0.0020000000000000018,0.22969187675070024,-0.1905244856563315,-0.03916739109436878,0.20430587633938604,0.2688592678450691,0.2688592678450691,-0.32713405308517884,-0.08925057514554163,-0.0729096989966555,-0.02873563218390804,1,0,1
MK Buffet,1,0.03799999999999998,0.02399999999999991,0.29548175799408366,-0.16449499929567546,-0.13098675869840823,0.13627768148197228,0.426468516692492,0.426468516692492,-0.2178532580694741,-0.1233703912653358,-0.09066666666666662,0.0020601493168051765,-1,0,0
MK Buffet,2,0.020000000000000018,0.014000000000000012,0.1397021058038007,-0.10550167678781835,-0.03420042901598236,0.13627071981482705,0.17390253481978302,0.17390253481978302,-0.1781955327064696,-0.07739238898764944,-0.01866666666666672,0.023928215353938187,2,0,1
MK Buffet,3,0.010000000000000009,0.01200000000000001,0.22372372372372373,-0.15630630630630632,-0.06741741741741741,0.20497786922574823,0.2911411411411411,0.2911411411411411,-0.25200097012231315,-0.11664114565015465,-0.053333333333333344,-0.015315315315315298,-1,0,2
MK Buffet,4,0.0020000000000000018,-0.007999999999999952,0.24812362030905077,-0.16119205298013248,-0.08693156732891832,0.2194674721819665,0.33505518763796915,0.33505518763796915,-0.3050155552930125,-0.14601714349760492,-0.06000000000000005,-0.06123620309050773,-1,1,0
MK Buffet,5,0.006000000000000005,-0.006000000000000005,0.22383824754950588,-0.14258502321520694,-0.08125322433429899,0.20351797887935064,0.3050914718838049,0.3050914718838049,-0.220757839646334,-0.11737732851470747,-0.07400000000000007,-0.0066867732846541406,2,0,1
MK Buffet,6,-0.014000000000000012,-0.006000000000000005,0.27648351648351643,-0.1463736263736264,-0.13010989010989013,0.11549395019359168,0.4065934065934066,0.4065934065934066,-0.198763638389427,-0.12673561164110617,-0.016666666666666607,0.0008791208791208704,0,0,-1
MK Buffet,7,0.04800000000000004,0.04400000000000004,0.1353166194237279,-0.08269807634091975,-0.05261854308280815,0.12329771439996734,0.18793516250653602,0.18793516250653602,-0.11995824902423258,-0.06912562144563364,-0.009370816599732268,0.02025483666785921,4,0,1
MK Buffet,8,-0.023999999999999966,-0.023999999999999966,0.24246177176797679,-0.16105143434854036,-0.08141033741943637,0.22442973800893481,0.32387210918741316,0.32387210918741316,-0.257624472515135,-0.13213537227458555,-0.02208835341365467,0.01885504865411347,-3,0,0
MK Buffet,9,0.016000000000000014,-0.0020000000000000018,0.26811041634894006,-0.22136647857251793,-0.04674393777642215,0.19536978761976678,0.31485435412536217,0.31485435412536217,-0.1843304405647972,-0.029970031573292505,-0.05886287625418063,-0.04682019216104924,-1,0,-1
MK Buffet,10,-0.028000000000000025,-0.051999999999999935,0.2991914199741119,-0.22398171028964314,-0.07520970968446887,0.13587009012137954,0.37440112965858074,0.37440112965858074,-0.15397493745350566,-0.009530137564358138,-0.05150501672240804,0.024408694336577746,1,0,0
Parameter Gelato,1,0.008000000000000007,0.008000000000000007,0.14421442758564207,0.04611257857771772,-0.19032700616335974,0.17196754967388114,0.3345414337490018,0.3345414337490018,-0.03268453894137524,-0.06161082481364791,0.010702341137123761,0.015643876568994824,0,-1,0
Parameter Gelato,2,-0.018000000000000016,-0.030000000000000027,0.2511459129106188,0.01312343119065812,-0.2642693441012769,0.18980539321000786,0.5154152570118956,0.5154152570118956,0.024310847469337427,0.0210443368958112,0.03411371237458194,-0.038306231583542516,-3,0,0
Parameter Gelato,3,0.023999999999999966,0.03199999999999997,0.21764588129316384,-0.04489040136122513,-0.17275547993193874,0.2256126191426129,0.3904013612251026,0.39040136122510255,-0.0258818383845556,-0.01478942899274946,-0.021376085504342,-0.024171754579121213,-2,0,1
Parameter Gelato,4,0.020000000000000018,0.02400000000000002,0.10123032814001479,0.08010523165141231,-0.1813355597914271,0.1538803899155057,0.2825658879314419,0.2825658879314419,-0.037399850779235466,-0.07141761629052715,0.004013377926421424,-0.009247152601647796,0,0,-1
Parameter Gelato,5,-0.010000000000000009,-0.016000000000000014,0.23755818116720376,-0.038086287146437525,-0.19947189402076618,0.2566211711424552,0.4370300751879699,0.4370300751879699,-0.030890311934300585,-0.0176959264305718,0.027424749163879603,-0.01369495166487647,1,0,-2
Parameter Gelato,6,-0.023999999999999966,-0.014000000000000012,0.21587301587301588,-0.03134920634920635,-0.1845238095238095,0.23443835078324618,0.40039682539682536,0.4003968253968253,-0.022099044692042935,-0.010922146636432317,-0.00868403473613899,0.0134920634920635,-1,0,1
Parameter Gelato,7,0.040000000000000036,0.035999999999999976,0.3060805860805861,-0.08805860805860805,-0.21802197802197804,0.29962337835644787,0.5241025641025641,0.5241025641025642,-0.044070028079957746,-0.012667326812381752,-0.019333333333333313,0.004102564102564099,0,0,0
Parameter Gelato,8,0.016000000000000014,0.006000000000000005,0.17292078121571208,-0.012727671713846811,-0.16019310950186527,0.1765181392765635,0.33311389071757735,0.33311389071757735,0.0315000905798446,0.037976237306987876,0.005333333333333301,0.029580864603906076,0,0,0
Parameter Gelato,9,-0.01200000000000001,-0.010000000000000009,0.21627661180733804,-0.05000754944889024,-0.16626906235844785,0.1413278402865293,0.3825456741657859,0.3825456741657859,0.07717755830283501,0.09973073715882969,0.03139612558450233,0.016065227238411584,0,0,0
Parameter Gelato,10,0.010000000000000009,-0.0020000000000000018,0.22912431292824337,-0.01530381748362325,-0.21382049544462015,0.19261790463664202,0.44294480837286354,0.44294480837286354,0.02889929078413367,0.03263663164571043,0.012717536813922403,-0.020461561629395386,-1,0,-1
วิ่งแลกแว่น | Top Charoen,1,0.033999999999999975,0.02799999999999997,0.3885837782862955,-0.26709890668700736,-0.12148487159928809,0.23843724101532945,0.5100686498855835,0.5100686498855835,-0.22744759788448177,-0.12292752317307785,-0.045999999999999985,-0.008568522756165792,-1,0,1
วิ่งแลกแว่น | Top Charoen,2,0.07200000000000001,0.07600000000000001,0.2508548632218845,-0.2074468085106383,-0.0434080547112462,0.21581752532447668,0.2942629179331307,0.29426291793313075,-0.23828023459920733,-0.081412982661376,-0.03933333333333333,-0.002469604863221897,0,0,-1
วิ่งแลกแว่น | Top Charoen,3,0.020000000000000018,-0.0020000000000000018,0.32153392330383485,-0.2190675188462799,-0.1024664044575549,0.2097857244219064,0.42400032776138974,0.42400032776138974,-0.22171488476965984,-0.11954927491252444,-0.006666666666666654,0.016183218616846934,0,0,0
วิ่งแลกแว่น | Top Charoen,4,0.01200000000000001,0.017999999999999905,0.3017997917596312,-0.24770687689027715,-0.05409291486935396,0.232182779792316,0.3558927066289852,0.3558927066289852,-0.09382014907332126,-0.03769223982677329,-0.028000000000000025,0.013188556695919493,-1,0,1
วิ่งแลกแว่น | Top Charoen,5,0.03600000000000003,0.04800000000000004,0.3149824647255525,-0.28023815349482095,-0.03474431123073159,0.2630415841983522,0.3497267759562841,0.3497267759562841,-0.1360943625287121,-0.026568586762638707,-0.014666666666666661,-0.014191338390017127,0,0,0
วิ่งแลกแว่น | Top Charoen,6,-0.026000000000000023,-0.03400000000000003,0.3241367139243485,-0.27483969645273254,-0.04929701747161598,0.24488761445700008,0.3734337313959645,0.3734337313959645,-0.15441133705870702,-0.012963711948936169,-0.008000000000000007,0.015177363374316133,-2,0,1
วิ่งแลกแว่น | Top Charoen,7,0.0020000000000000018,-0.010000000000000009,0.30301672640382316,-0.2195340501792114,-0.08348267622461171,0.15786545048689593,0.38649940262843485,0.38649940262843485,-0.06908539669026503,-0.042837768299767764,0.0020000000000000018,-0.0006827103601297069,0,0,0
วิ่งแลกแว่น | Top Charoen,8,-0.014000000000000012,-0.01200000000000001,0.36417748917748916,-0.31222943722943725,-0.05194805194805195,0.3209635427688807,0.4161255411255411,0.41612554112554107,-0.23329692531488244,-0.07646033620059595,-0.04199999999999998,-0.0037878787878787845,-2,0,0
วิ่งแลกแว่น | Top Charoen,9,-0.008000000000000007,-0.016000000000000014,0.31478585599253117,-0.27219045396195585,-0.04259540203057533,0.2556178189408466,0.3573812580231065,0.3573812580231065,-0.16354588739470144,-0.034507025210805495,-0.01200000000000001,-0.03557007818882019,0,0,-1
วิ่งแลกแว่น | Top Charoen,10,0.08599999999999997,0.08000000000000002,0.3633529463423202,-0.2385176077983665,-0.12483533854395364,0.16010149961170506,0.48818828488627375,0.48818828488627375,-0.1461285849927756,-0.08206285442774688,-0.02533333333333332,0.022064635110213393,2,0,0
ไทยช่วยไทยพลัส,1,0.05399999999999999,0.03799999999999992,0.1890092879256966,-0.16382868937048506,-0.025180598555211556,0.050367660646882195,0.21418988648090814,0.21418988648090814,-0.17039097926976754,-0.034466649839556704,-0.0513333333333334,-0.022703818369453038,2,0,1
ไทยช่วยไทยพลัส,2,0.07599999999999996,0.068,0.22844318450271678,-0.13176234349161348,-0.09668084101110325,0.06758951589139073,0.32512402551382,0.32512402551382,-0.22202704193970002,-0.12778201088284716,-0.07424749163879601,0.005138199858256559,2,0,0
ไทยช่วยไทยพลัส,3,-0.04199999999999998,-0.04199999999999998,0.13812890416928958,-0.09394218197665971,-0.044186722192629896,0.0984186575875339,0.18231562636191945,0.18231562636191945,-0.1826432280964726,-0.09222980920718286,-0.019410977242302563,-0.008110987361386851,0,0,0
ไทยช่วยไทยพลัส,4,-0.10399999999999998,-0.11599999999999999,0.2710881351658051,-0.20482915143109315,-0.0662589837347119,0.10388614195211576,0.337347118900517,0.337347118900517,-0.2801729292611672,-0.10306638420479523,-0.04466666666666663,0.04104148278905562,-2,0,0
ไทยช่วยไทยพลัส,5,0.11199999999999999,0.1100000000000001,0.18511636869124792,-0.11233604470319447,-0.07278032398805345,0.12600985293272757,0.2578966926793014,0.2578966926793014,-0.23334732601121033,-0.13704973482005378,-0.07548430193720773,-0.015401131343160318,1,0,0
ไทยช่วยไทยพลัส,6,0.043999999999999984,0.04200000000000004,0.2692846369316958,-0.17857142857142855,-0.09071320836026717,0.011046788047223921,0.359997845291963,0.359997845291963,-0.20869713323664207,-0.0756059936447023,-0.06933333333333336,-0.004848093083387184,0,0,1
ไทยช่วยไทยพลัส,7,0.043999999999999984,0.04999999999999999,0.13203060380479725,-0.07795698924731181,-0.05407361455748553,0.09267919757488054,0.18610421836228275,0.18610421836228275,-0.1622087673419954,-0.09787408299074835,-0.0626666666666667,-0.0014991728701406193,2,0,0
ไทยช่วยไทยพลัส,8,0.026000000000000023,0.014000000000000012,0.1408862350722816,-0.12017598994343182,-0.02071024512884978,0.06532951227044564,0.16159648020113138,0.16159648020113138,-0.15178251103749607,-0.026202017871583577,-0.03799999999999998,-0.0014456316781898126,-1,0,-1
ไทยช่วยไทยพลัส,9,0.05599999999999994,0.04400000000000004,0.15127120941074435,-0.11411069550604436,-0.037160513904699946,0.0718900845014894,0.18843172331544433,0.18843172331544433,-0.1663030859616137,-0.07084505228276006,-0.068,-0.00043367485227951974,-1,0,0
ไทยช่วยไทยพลัส,10,-0.016000000000000014,-0.029999999999999916,0.17404143843772324,-0.14735254425656905,-0.026688894181154242,0.09454939161515033,0.20073033261887752,0.20073033261887752,-0.21260767072922826,-0.049654332959704964,-0.05999999999999994,-0.011748829086290408,0,0,0
